data;fazenda_id;tanque;tipo_tanque;volume_litros;temperatura;ccs;cpp;motorista;caminhao;silo;resultado_exame
2025-09-01;F001;TC01;comunitario;567;3,6;252;273;Aparecido Nunes;CAM-101;SILO-A;aprovado
2025-09-01;F004;TC04;comunitario;1154;4,4;441;398;Aparecido Nunes;CAM-101;SILO-A;aprovado
2025-09-01;F007;TC01;comunitario;2293;4,8;311;304;Aparecido Nunes;CAM-101;SILO-A;aprovado
2025-09-01;F010;TC04;comunitario;351;4,7;560;266;Aparecido Nunes;CAM-101;SILO-A;aprovado
2025-09-01;F014;TC02;comunitario;2208;3,5;629;215;Djalma Souto;CAM-102;SILO-B;aprovado
2025-09-01;F017;TC05;comunitario;1912;5,2;731;169;Djalma Souto;CAM-102;SILO-B;aprovado
2025-09-01;F020;TC02;comunitario;552;4,8;578;364;Djalma Souto;CAM-102;SILO-B;aprovado
2025-09-01;F023;TC05;comunitario;1174;4,5;261;271;Djalma Souto;CAM-102;SILO-B;aprovado
2025-09-01;F027;TI03;individual;1459;4,9;490;356;Everaldo Pires;CAM-103;SILO-C;aprovado
2025-09-01;F030;TI06;individual;2393;4,7;604;449;Everaldo Pires;CAM-103;SILO-C;aprovado
2025-09-01;F033;TI09;individual;1945;4,7;222;419;Everaldo Pires;CAM-103;SILO-C;aprovado
2025-09-01;F036;TI12;individual;639;4,4;553;174;Everaldo Pires;CAM-103;SILO-C;aprovado
2025-09-03;F015;TC03;comunitario;2376;3,5;583;348;Everaldo Pires;CAM-101;SILO-C;aprovado
2025-09-03;F018;TC06;comunitario;1708;5,1;123;229;Everaldo Pires;CAM-101;SILO-C;aprovado
2025-09-03;F021;TC03;comunitario;720;3,6;208;361;Everaldo Pires;CAM-101;SILO-C;aprovado
2025-09-03;F024;TC06;comunitario;321;4,1;763;214;Everaldo Pires;CAM-101;SILO-C;aprovado
2025-09-03;F028;TI04;individual;1144;3,5;843;212;Milton Gouveia;CAM-102;SILO-A;aprovado
2025-09-03;F031;TI07;individual;1645;3,7;325;198;Milton Gouveia;CAM-102;SILO-A;aprovado
2025-09-03;F034;TI10;individual;1138;3,8;232;439;Milton Gouveia;CAM-102;SILO-A;aprovado
2025-09-03;F037;TI13;individual;2210;3,6;439;172;Milton Gouveia;CAM-102;SILO-A;aprovado
2025-09-03;F001;TC01;comunitario;966;4,9;847;107;Aparecido Nunes;CAM-103;SILO-B;aprovado
2025-09-03;F004;TC04;comunitario;1818;4,7;394;393;Aparecido Nunes;CAM-103;SILO-B;aprovado
2025-09-03;F007;TC01;comunitario;2345;3,2;835;102;Aparecido Nunes;CAM-103;SILO-B;aprovado
2025-09-03;F010;TC04;comunitario;2141;3,3;836;292;Aparecido Nunes;CAM-103;SILO-B;aprovado
2025-09-05;F029;TI05;individual;788;3,7;221;377;Aparecido Nunes;CAM-101;SILO-B;aprovado
2025-09-05;F032;TI08;individual;818;5,2;126;365;Aparecido Nunes;CAM-101;SILO-B;aprovado
2025-09-05;F035;TI11;individual;502;3,5;886;253;Aparecido Nunes;CAM-101;SILO-B;aprovado
2025-09-05;F038;TI14;individual;1312;3,8;149;277;Aparecido Nunes;CAM-101;SILO-B;aprovado
2025-09-05;F002;TC02;comunitario;964;4,2;738;430;Djalma Souto;CAM-102;SILO-C;aprovado
2025-09-05;F005;TC05;comunitario;2122;3,7;810;9;Djalma Souto;CAM-102;SILO-C;aprovado
2025-09-05;F008;TC02;comunitario;1786;3,8;606;68;Djalma Souto;CAM-102;SILO-C;aprovado
2025-09-05;F011;TC05;comunitario;982;5,2;601;392;Djalma Souto;CAM-102;SILO-C;aprovado
2025-09-05;F015;TC03;comunitario;1286;4,3;341;395;Everaldo Pires;CAM-103;SILO-A;aprovado
2025-09-05;F018;TC06;comunitario;723;4,2;538;14;Everaldo Pires;CAM-103;SILO-A;aprovado
2025-09-05;F021;TC03;comunitario;2249;3,5;889;302;Everaldo Pires;CAM-103;SILO-A;aprovado
2025-09-05;F024;TC06;comunitario;1926;5,1;889;474;Everaldo Pires;CAM-103;SILO-A;aprovado
2025-09-07;F003;TC03;comunitario;2290;5,1;777;446;Everaldo Pires;CAM-101;SILO-A;aprovado
2025-09-07;F006;TC06;comunitario;1823;4,7;828;20;Everaldo Pires;CAM-101;SILO-A;aprovado
2025-09-07;F009;TC03;comunitario;2265;4,3;173;464;Everaldo Pires;CAM-101;SILO-A;aprovado
2025-09-07;F012;TC06;comunitario;2067;4,9;539;458;Everaldo Pires;CAM-101;SILO-A;aprovado
2025-09-07;F016;TC04;comunitario;1829;3,5;538;277;Milton Gouveia;CAM-102;SILO-B;aprovado
2025-09-07;F019;TC01;comunitario;1563;3,8;210;205;Milton Gouveia;CAM-102;SILO-B;aprovado
2025-09-07;F022;TC04;comunitario;2075;3,6;753;175;Milton Gouveia;CAM-102;SILO-B;aprovado
2025-09-07;F025;TI01;individual;1374;3,4;637;452;Milton Gouveia;CAM-102;SILO-B;aprovado
2025-09-07;F029;TI05;individual;2043;5,0;527;84;Aparecido Nunes;CAM-103;SILO-C;aprovado
2025-09-07;F032;TI08;individual;1392;4,4;745;283;Aparecido Nunes;CAM-103;SILO-C;aprovado
2025-09-07;F035;TI11;individual;1897;3,7;156;139;Aparecido Nunes;CAM-103;SILO-C;aprovado
2025-09-07;F038;TI14;individual;1122;5,0;413;286;Aparecido Nunes;CAM-103;SILO-C;aprovado
2025-09-09;F017;TC05;comunitario;2396;3,3;550;223;Aparecido Nunes;CAM-101;SILO-C;aprovado
2025-09-09;F020;TC02;comunitario;862;5,3;422;335;Aparecido Nunes;CAM-101;SILO-C;aprovado
2025-09-09;F023;TC05;comunitario;2374;4,0;168;220;Aparecido Nunes;CAM-101;SILO-C;aprovado
2025-09-09;F026;TI02;individual;621;4,5;290;398;Aparecido Nunes;CAM-101;SILO-C;aprovado
2025-09-09;F030;TI06;individual;2155;5,0;494;139;Djalma Souto;CAM-102;SILO-A;aprovado
2025-09-09;F033;TI09;individual;1463;5,0;780;354;Djalma Souto;CAM-102;SILO-A;aprovado
2025-09-09;F036;TI12;individual;1574;3,4;656;359;Djalma Souto;CAM-102;SILO-A;aprovado
2025-09-09;F039;TI15;individual;2214;3,6;272;132;Djalma Souto;CAM-102;SILO-A;aprovado
2025-09-09;F003;TC03;comunitario;1849;4,1;884;426;Everaldo Pires;CAM-103;SILO-B;aprovado
2025-09-09;F006;TC06;comunitario;1262;4,8;757;375;Everaldo Pires;CAM-103;SILO-B;aprovado
2025-09-09;F009;TC03;comunitario;502;3,3;842;104;Everaldo Pires;CAM-103;SILO-B;aprovado
2025-09-09;F012;TC06;comunitario;1855;4,9;187;174;Everaldo Pires;CAM-103;SILO-B;aprovado
2025-09-11;F031;TI07;individual;1192;4,9;187;423;Everaldo Pires;CAM-101;SILO-B;aprovado
2025-09-11;F034;TI10;individual;556;3,6;619;99;Everaldo Pires;CAM-101;SILO-B;aprovado
2025-09-11;F037;TI13;individual;1588;4,7;188;89;Everaldo Pires;CAM-101;SILO-B;aprovado
2025-09-11;F040;TI16;individual;804;3,8;652;98;Everaldo Pires;CAM-101;SILO-B;aprovado
2025-09-11;F004;TC04;comunitario;2063;5,0;723;235;Milton Gouveia;CAM-102;SILO-C;aprovado
2025-09-11;F007;TC01;comunitario;1334;5,3;142;268;Milton Gouveia;CAM-102;SILO-C;aprovado
2025-09-11;F010;TC04;comunitario;735;4,1;654;460;Milton Gouveia;CAM-102;SILO-C;aprovado
2025-09-11;F013;TC01;comunitario;667;5,4;527;390;Milton Gouveia;CAM-102;SILO-C;aprovado
2025-09-11;F017;TC05;comunitario;1531;3,8;525;185;Aparecido Nunes;CAM-103;SILO-A;aprovado
2025-09-11;F020;TC02;comunitario;1793;3,8;873;340;Aparecido Nunes;CAM-103;SILO-A;aprovado
2025-09-11;F023;TC05;comunitario;1884;5,1;607;275;Aparecido Nunes;CAM-103;SILO-A;aprovado
2025-09-11;F026;TI02;individual;432;3,9;438;410;Aparecido Nunes;CAM-103;SILO-A;aprovado
2025-09-13;F005;TC05;comunitario;428;4,1;522;291;Aparecido Nunes;CAM-101;SILO-A;aprovado
2025-09-13;F008;TC02;comunitario;1267;3,2;629;362;Aparecido Nunes;CAM-101;SILO-A;aprovado
2025-09-13;F011;TC05;comunitario;2039;4,6;575;102;Aparecido Nunes;CAM-101;SILO-A;aprovado
2025-09-13;F014;TC02;comunitario;1988;5,4;587;165;Aparecido Nunes;CAM-101;SILO-A;aprovado
2025-09-13;F018;TC06;comunitario;2269;5,3;704;109;Djalma Souto;CAM-102;SILO-B;aprovado
2025-09-13;F021;TC03;comunitario;1702;5,3;163;118;Djalma Souto;CAM-102;SILO-B;aprovado
2025-09-13;F024;TC06;comunitario;694;4,8;587;460;Djalma Souto;CAM-102;SILO-B;aprovado
2025-09-13;F027;TI03;individual;1869;3,8;814;221;Djalma Souto;CAM-102;SILO-B;aprovado
2025-09-13;F031;TI07;individual;1940;3,5;260;422;Everaldo Pires;CAM-103;SILO-C;aprovado
2025-09-13;F034;TI10;individual;481;3,6;225;405;Everaldo Pires;CAM-103;SILO-C;aprovado
2025-09-13;F037;TI13;individual;1155;3,7;618;432;Everaldo Pires;CAM-103;SILO-C;aprovado
2025-09-13;F040;TI16;individual;1477;4,8;704;477;Everaldo Pires;CAM-103;SILO-C;aprovado
2025-09-15;F019;TC01;comunitario;2028;5,3;698;132;Everaldo Pires;CAM-101;SILO-C;aprovado
2025-09-15;F022;TC04;comunitario;1587;3,2;704;360;Everaldo Pires;CAM-101;SILO-C;aprovado
2025-09-15;F025;TI01;individual;1551;3,6;221;153;Everaldo Pires;CAM-101;SILO-C;aprovado
2025-09-15;F028;TI04;individual;1440;3,4;279;72;Everaldo Pires;CAM-101;SILO-C;aprovado
2025-09-15;F032;TI08;individual;1703;4,1;194;468;Milton Gouveia;CAM-102;SILO-A;aprovado
2025-09-15;F035;TI11;individual;1673;5,4;884;128;Milton Gouveia;CAM-102;SILO-A;aprovado
2025-09-15;F038;TI14;individual;1340;4,7;650;212;Milton Gouveia;CAM-102;SILO-A;aprovado
2025-09-15;F001;TC01;comunitario;1506;4,3;384;429;Milton Gouveia;CAM-102;SILO-A;aprovado
2025-09-15;F005;TC05;comunitario;2245;3,7;233;474;Aparecido Nunes;CAM-103;SILO-B;aprovado
2025-09-15;F008;TC02;comunitario;1604;3,4;782;269;Aparecido Nunes;CAM-103;SILO-B;aprovado
2025-09-15;F011;TC05;comunitario;1215;3,4;597;41;Aparecido Nunes;CAM-103;SILO-B;aprovado
2025-09-15;F014;TC02;comunitario;1493;4,2;175;354;Aparecido Nunes;CAM-103;SILO-B;aprovado
2025-09-17;F033;TI09;individual;2112;4,3;460;155;Aparecido Nunes;CAM-101;SILO-B;aprovado
2025-09-17;F036;TI12;individual;2170;4,6;180;83;Aparecido Nunes;CAM-101;SILO-B;aprovado
2025-09-17;F039;TI15;individual;1849;4,3;385;280;Aparecido Nunes;CAM-101;SILO-B;aprovado
2025-09-17;F002;TC02;comunitario;874;4,7;817;295;Aparecido Nunes;CAM-101;SILO-B;aprovado
2025-09-17;F006;TC06;comunitario;404;5,2;769;395;Djalma Souto;CAM-102;SILO-C;aprovado
2025-09-17;F009;TC03;comunitario;556;4,6;873;52;Djalma Souto;CAM-102;SILO-C;aprovado
2025-09-17;F012;TC06;comunitario;1728;4,1;233;104;Djalma Souto;CAM-102;SILO-C;aprovado
2025-09-17;F015;TC03;comunitario;1694;4,8;168;21;Djalma Souto;CAM-102;SILO-C;aprovado
2025-09-17;F019;TC01;comunitario;1420;4,0;579;273;Everaldo Pires;CAM-103;SILO-A;aprovado
2025-09-17;F022;TC04;comunitario;1858;4,6;362;345;Everaldo Pires;CAM-103;SILO-A;reprovado
2025-09-17;F025;TI01;individual;1547;3,4;152;358;Everaldo Pires;CAM-103;SILO-A;aprovado
2025-09-17;F028;TI04;individual;1175;4,0;536;282;Everaldo Pires;CAM-103;SILO-A;aprovado
2025-09-19;F007;TC01;comunitario;1374;3,8;467;445;Everaldo Pires;CAM-101;SILO-A;aprovado
2025-09-19;F010;TC04;comunitario;1859;5,0;669;213;Everaldo Pires;CAM-101;SILO-A;aprovado
2025-09-19;F013;TC01;comunitario;1236;4,5;518;454;Everaldo Pires;CAM-101;SILO-A;aprovado
2025-09-19;F016;TC04;comunitario;1986;3,6;477;412;Everaldo Pires;CAM-101;SILO-A;aprovado
2025-09-19;F020;TC02;comunitario;713;4,9;858;148;Milton Gouveia;CAM-102;SILO-B;aprovado
2025-09-19;F023;TC05;comunitario;2398;4,6;806;162;Milton Gouveia;CAM-102;SILO-B;aprovado
2025-09-19;F026;TI02;individual;819;4,9;739;120;Milton Gouveia;CAM-102;SILO-B;aprovado
2025-09-19;F029;TI05;individual;2137;3,7;375;465;Milton Gouveia;CAM-102;SILO-B;aprovado
2025-09-19;F033;TI09;individual;927;4,4;869;435;Aparecido Nunes;CAM-103;SILO-C;aprovado
2025-09-19;F036;TI12;individual;708;3,9;421;49;Aparecido Nunes;CAM-103;SILO-C;aprovado
2025-09-19;F039;TI15;individual;643;4,6;475;265;Aparecido Nunes;CAM-103;SILO-C;aprovado
2025-09-19;F002;TC02;comunitario;1642;4,6;571;345;Aparecido Nunes;CAM-103;SILO-C;aprovado
2025-09-21;F021;TC03;comunitario;1125;5,3;326;346;Aparecido Nunes;CAM-101;SILO-C;aprovado
2025-09-21;F024;TC06;comunitario;1077;3,4;693;452;Aparecido Nunes;CAM-101;SILO-C;aprovado
2025-09-21;F027;TI03;individual;2000;3,2;132;149;Aparecido Nunes;CAM-101;SILO-C;aprovado
2025-09-21;F030;TI06;individual;825;3,4;806;33;Aparecido Nunes;CAM-101;SILO-C;aprovado
2025-09-21;F034;TI10;individual;2072;5,3;444;154;Djalma Souto;CAM-102;SILO-A;aprovado
2025-09-21;F037;TI13;individual;1551;4,0;532;328;Djalma Souto;CAM-102;SILO-A;aprovado
2025-09-21;F040;TI16;individual;1899;5,3;230;237;Djalma Souto;CAM-102;SILO-A;aprovado
2025-09-21;F003;TC03;comunitario;640;4,3;468;388;Djalma Souto;CAM-102;SILO-A;aprovado
2025-09-21;F007;TC01;comunitario;1883;4,7;807;480;Everaldo Pires;CAM-103;SILO-B;aprovado
2025-09-21;F010;TC04;comunitario;1833;4,0;683;58;Everaldo Pires;CAM-103;SILO-B;aprovado
2025-09-21;F013;TC01;comunitario;1324;5,4;453;411;Everaldo Pires;CAM-103;SILO-B;aprovado
2025-09-21;F016;TC04;comunitario;941;4,9;846;399;Everaldo Pires;CAM-103;SILO-B;aprovado
2025-09-23;F035;TI11;individual;1116;5,3;258;431;Everaldo Pires;CAM-101;SILO-B;aprovado
2025-09-23;F038;TI14;individual;2327;3,2;239;121;Everaldo Pires;CAM-101;SILO-B;aprovado
2025-09-23;F001;TC01;comunitario;1980;4,7;123;136;Everaldo Pires;CAM-101;SILO-B;aprovado
2025-09-23;F004;TC04;comunitario;1812;4,2;546;389;Everaldo Pires;CAM-101;SILO-B;aprovado
2025-09-23;F008;TC02;comunitario;1194;4,4;329;158;Milton Gouveia;CAM-102;SILO-C;aprovado
2025-09-23;F011;TC05;comunitario;472;3,9;234;397;Milton Gouveia;CAM-102;SILO-C;aprovado
2025-09-23;F014;TC02;comunitario;476;4,4;888;11;Milton Gouveia;CAM-102;SILO-C;aprovado
2025-09-23;F017;TC05;comunitario;1995;3,4;819;136;Milton Gouveia;CAM-102;SILO-C;aprovado
2025-09-23;F021;TC03;comunitario;1941;4,3;705;270;Aparecido Nunes;CAM-103;SILO-A;aprovado
2025-09-23;F024;TC06;comunitario;487;3,7;569;95;Aparecido Nunes;CAM-103;SILO-A;aprovado
2025-09-23;F027;TI03;individual;1163;5,4;294;398;Aparecido Nunes;CAM-103;SILO-A;aprovado
2025-09-23;F030;TI06;individual;1377;3,8;726;136;Aparecido Nunes;CAM-103;SILO-A;aprovado
2025-09-25;F009;TC03;comunitario;1961;3,5;736;124;Aparecido Nunes;CAM-101;SILO-A;aprovado
2025-09-25;F012;TC06;comunitario;2171;5,3;302;256;Aparecido Nunes;CAM-101;SILO-A;aprovado
2025-09-25;F015;TC03;comunitario;1152;3,3;846;128;Aparecido Nunes;CAM-101;SILO-A;reprovado
2025-09-25;F018;TC06;comunitario;1999;3,8;715;105;Aparecido Nunes;CAM-101;SILO-A;aprovado
2025-09-25;F022;TC04;comunitario;2331;4,0;589;222;Djalma Souto;CAM-102;SILO-B;aprovado
2025-09-25;F025;TI01;individual;1801;4,4;194;475;Djalma Souto;CAM-102;SILO-B;aprovado
2025-09-25;F028;TI04;individual;2311;3,7;601;461;Djalma Souto;CAM-102;SILO-B;aprovado
2025-09-25;F031;TI07;individual;533;4,7;732;142;Djalma Souto;CAM-102;SILO-B;aprovado
2025-09-25;F035;TI11;individual;751;5,4;441;368;Everaldo Pires;CAM-103;SILO-C;aprovado
2025-09-25;F038;TI14;individual;1230;5,2;314;209;Everaldo Pires;CAM-103;SILO-C;aprovado
2025-09-25;F001;TC01;comunitario;2315;4,5;365;419;Everaldo Pires;CAM-103;SILO-C;aprovado
2025-09-25;F004;TC04;comunitario;1190;4,8;625;101;Everaldo Pires;CAM-103;SILO-C;aprovado
2025-09-27;F023;TC05;comunitario;1151;4,3;548;272;Everaldo Pires;CAM-101;SILO-C;aprovado
2025-09-27;F026;TI02;individual;2388;3,2;465;223;Everaldo Pires;CAM-101;SILO-C;aprovado
2025-09-27;F029;TI05;individual;1114;4,8;344;133;Everaldo Pires;CAM-101;SILO-C;aprovado
2025-09-27;F032;TI08;individual;614;4,7;429;186;Everaldo Pires;CAM-101;SILO-C;aprovado
2025-09-27;F036;TI12;individual;935;4,8;881;443;Milton Gouveia;CAM-102;SILO-A;aprovado
2025-09-27;F039;TI15;individual;830;3,3;158;80;Milton Gouveia;CAM-102;SILO-A;aprovado
2025-09-27;F002;TC02;comunitario;1931;3,6;233;191;Milton Gouveia;CAM-102;SILO-A;aprovado
2025-09-27;F005;TC05;comunitario;990;5,2;560;277;Milton Gouveia;CAM-102;SILO-A;aprovado
2025-09-27;F009;TC03;comunitario;489;3,6;136;142;Aparecido Nunes;CAM-103;SILO-B;aprovado
2025-09-27;F012;TC06;comunitario;1697;3,3;356;413;Aparecido Nunes;CAM-103;SILO-B;aprovado
2025-09-27;F015;TC03;comunitario;1477;5,2;343;75;Aparecido Nunes;CAM-103;SILO-B;aprovado
2025-09-27;F018;TC06;comunitario;1845;3,9;244;432;Aparecido Nunes;CAM-103;SILO-B;aprovado
2025-09-29;F037;TI13;individual;827;4,5;878;18;Aparecido Nunes;CAM-101;SILO-B;aprovado
2025-09-29;F040;TI16;individual;382;4,3;864;437;Aparecido Nunes;CAM-101;SILO-B;aprovado
2025-09-29;F003;TC03;comunitario;635;5,3;458;78;Aparecido Nunes;CAM-101;SILO-B;aprovado
2025-09-29;F006;TC06;comunitario;1210;3,7;280;446;Aparecido Nunes;CAM-101;SILO-B;aprovado
2025-09-29;F010;TC04;comunitario;843;3,4;615;286;Djalma Souto;CAM-102;SILO-C;aprovado
2025-09-29;F013;TC01;comunitario;993;4,8;803;296;Djalma Souto;CAM-102;SILO-C;aprovado
2025-09-29;F016;TC04;comunitario;2135;5,0;662;405;Djalma Souto;CAM-102;SILO-C;aprovado
2025-09-29;F019;TC01;comunitario;1239;3,9;234;298;Djalma Souto;CAM-102;SILO-C;aprovado
2025-09-29;F023;TC05;comunitario;512;4,1;863;420;Everaldo Pires;CAM-103;SILO-A;aprovado
2025-09-29;F026;TI02;individual;997;4,1;520;294;Everaldo Pires;CAM-103;SILO-A;aprovado
2025-09-29;F029;TI05;individual;2257;3,4;462;97;Everaldo Pires;CAM-103;SILO-A;aprovado
2025-09-29;F032;TI08;individual;826;4,0;729;328;Everaldo Pires;CAM-103;SILO-A;aprovado
2025-10-01;F011;TC05;comunitario;1845;3,6;302;56;Everaldo Pires;CAM-101;SILO-A;aprovado
2025-10-01;F014;TC02;comunitario;2157;4,0;269;17;Everaldo Pires;CAM-101;SILO-A;aprovado
2025-10-01;F017;TC05;comunitario;1857;4,6;382;451;Everaldo Pires;CAM-101;SILO-A;aprovado
2025-10-01;F020;TC02;comunitario;2217;5,2;479;157;Everaldo Pires;CAM-101;SILO-A;aprovado
2025-10-01;F024;TC06;comunitario;398;4,9;596;41;Milton Gouveia;CAM-102;SILO-B;aprovado
2025-10-01;F027;TI03;individual;1452;5,2;877;425;Milton Gouveia;CAM-102;SILO-B;aprovado
2025-10-01;F030;TI06;individual;2081;4,6;352;72;Milton Gouveia;CAM-102;SILO-B;reprovado
2025-10-01;F033;TI09;individual;1386;5,2;553;376;Milton Gouveia;CAM-102;SILO-B;reprovado
2025-10-01;F037;TI13;individual;1399;5,1;290;375;Aparecido Nunes;CAM-103;SILO-C;aprovado
2025-10-01;F040;TI16;individual;1929;3,7;852;84;Aparecido Nunes;CAM-103;SILO-C;aprovado
2025-10-01;F003;TC03;comunitario;1347;5,1;685;177;Aparecido Nunes;CAM-103;SILO-C;aprovado
2025-10-01;F006;TC06;comunitario;1645;4,2;532;182;Aparecido Nunes;CAM-103;SILO-C;aprovado
2025-10-03;F025;TI01;individual;1970;3,2;514;136;Aparecido Nunes;CAM-101;SILO-C;aprovado
2025-10-03;F028;TI04;individual;1945;3,2;650;324;Aparecido Nunes;CAM-101;SILO-C;aprovado
2025-10-03;F031;TI07;individual;576;4,8;252;288;Aparecido Nunes;CAM-101;SILO-C;aprovado
2025-10-03;F034;TI10;individual;1806;4,6;649;436;Aparecido Nunes;CAM-101;SILO-C;aprovado
2025-10-03;F038;TI14;individual;887;5,1;508;344;Djalma Souto;CAM-102;SILO-A;aprovado
2025-10-03;F001;TC01;comunitario;1961;3,9;598;63;Djalma Souto;CAM-102;SILO-A;reprovado
2025-10-03;F004;TC04;comunitario;2062;4,1;337;31;Djalma Souto;CAM-102;SILO-A;aprovado
2025-10-03;F007;TC01;comunitario;871;4,9;733;110;Djalma Souto;CAM-102;SILO-A;aprovado
2025-10-03;F011;TC05;comunitario;1880;5,1;453;162;Everaldo Pires;CAM-103;SILO-B;aprovado
2025-10-03;F014;TC02;comunitario;1489;4,6;260;164;Everaldo Pires;CAM-103;SILO-B;aprovado
2025-10-03;F017;TC05;comunitario;1813;4,6;710;37;Everaldo Pires;CAM-103;SILO-B;aprovado
2025-10-03;F020;TC02;comunitario;1900;4,0;612;104;Everaldo Pires;CAM-103;SILO-B;aprovado
2025-10-05;F039;TI15;individual;466;3,7;855;314;Everaldo Pires;CAM-101;SILO-B;aprovado
2025-10-05;F002;TC02;comunitario;2180;4,5;523;261;Everaldo Pires;CAM-101;SILO-B;aprovado
2025-10-05;F005;TC05;comunitario;701;3,6;396;138;Everaldo Pires;CAM-101;SILO-B;aprovado
2025-10-05;F008;TC02;comunitario;1551;4,7;601;218;Everaldo Pires;CAM-101;SILO-B;aprovado
2025-10-05;F012;TC06;comunitario;1698;4,7;618;465;Milton Gouveia;CAM-102;SILO-C;aprovado
2025-10-05;F015;TC03;comunitario;1591;5,1;603;437;Milton Gouveia;CAM-102;SILO-C;aprovado
2025-10-05;F018;TC06;comunitario;1927;3,6;858;303;Milton Gouveia;CAM-102;SILO-C;aprovado
2025-10-05;F021;TC03;comunitario;2138;5,1;307;201;Milton Gouveia;CAM-102;SILO-C;aprovado
2025-10-05;F025;TI01;individual;683;3,2;562;192;Aparecido Nunes;CAM-103;SILO-A;aprovado
2025-10-05;F028;TI04;individual;2340;3,5;470;418;Aparecido Nunes;CAM-103;SILO-A;aprovado
2025-10-05;F031;TI07;individual;1156;5,1;424;132;Aparecido Nunes;CAM-103;SILO-A;reprovado
2025-10-05;F034;TI10;individual;600;4,2;655;93;Aparecido Nunes;CAM-103;SILO-A;aprovado
2025-10-07;F013;TC01;comunitario;533;5,3;830;88;Aparecido Nunes;CAM-101;SILO-A;aprovado
2025-10-07;F016;TC04;comunitario;507;3,3;661;113;Aparecido Nunes;CAM-101;SILO-A;aprovado
2025-10-07;F019;TC01;comunitario;1815;5,2;604;422;Aparecido Nunes;CAM-101;SILO-A;aprovado
2025-10-07;F022;TC04;comunitario;2173;4,6;808;122;Aparecido Nunes;CAM-101;SILO-A;aprovado
2025-10-07;F026;TI02;individual;2105;4,6;485;139;Djalma Souto;CAM-102;SILO-B;reprovado
2025-10-07;F029;TI05;individual;2359;3,4;729;95;Djalma Souto;CAM-102;SILO-B;aprovado
2025-10-07;F032;TI08;individual;823;4,1;262;76;Djalma Souto;CAM-102;SILO-B;aprovado
2025-10-07;F035;TI11;individual;2257;4,5;193;439;Djalma Souto;CAM-102;SILO-B;aprovado
2025-10-07;F039;TI15;individual;1948;5,3;755;220;Everaldo Pires;CAM-103;SILO-C;aprovado
2025-10-07;F002;TC02;comunitario;1722;4,5;674;462;Everaldo Pires;CAM-103;SILO-C;aprovado
2025-10-07;F005;TC05;comunitario;354;3,7;690;73;Everaldo Pires;CAM-103;SILO-C;aprovado
2025-10-07;F008;TC02;comunitario;1613;3,4;154;185;Everaldo Pires;CAM-103;SILO-C;reprovado
2025-10-09;F027;TI03;individual;1509;5,3;397;363;Everaldo Pires;CAM-101;SILO-C;aprovado
2025-10-09;F030;TI06;individual;1755;3,5;687;427;Everaldo Pires;CAM-101;SILO-C;aprovado
2025-10-09;F033;TI09;individual;2116;3,6;133;463;Everaldo Pires;CAM-101;SILO-C;aprovado
2025-10-09;F036;TI12;individual;1628;4,2;582;290;Everaldo Pires;CAM-101;SILO-C;aprovado
2025-10-09;F040;TI16;individual;1599;4,7;424;129;Milton Gouveia;CAM-102;SILO-A;aprovado
2025-10-09;F003;TC03;comunitario;1092;4,2;805;79;Milton Gouveia;CAM-102;SILO-A;aprovado
2025-10-09;F006;TC06;comunitario;540;5,0;438;45;Milton Gouveia;CAM-102;SILO-A;aprovado
2025-10-09;F009;TC03;comunitario;848;5,0;324;58;Milton Gouveia;CAM-102;SILO-A;aprovado
2025-10-09;F013;TC01;comunitario;927;4,8;435;215;Aparecido Nunes;CAM-103;SILO-B;aprovado
2025-10-09;F016;TC04;comunitario;1201;4,5;342;231;Aparecido Nunes;CAM-103;SILO-B;aprovado
2025-10-09;F019;TC01;comunitario;438;4,4;672;66;Aparecido Nunes;CAM-103;SILO-B;aprovado
2025-10-09;F022;TC04;comunitario;1955;3,3;386;343;Aparecido Nunes;CAM-103;SILO-B;aprovado
2025-10-11;F001;TC01;comunitario;1769;4,8;565;224;Aparecido Nunes;CAM-101;SILO-B;aprovado
2025-10-11;F004;TC04;comunitario;1564;4,8;657;453;Aparecido Nunes;CAM-101;SILO-B;aprovado
2025-10-11;F007;TC01;comunitario;576;4,9;363;304;Aparecido Nunes;CAM-101;SILO-B;aprovado
2025-10-11;F010;TC04;comunitario;501;4,2;354;133;Aparecido Nunes;CAM-101;SILO-B;aprovado
2025-10-11;F014;TC02;comunitario;2143;5,3;419;93;Djalma Souto;CAM-102;SILO-C;aprovado
2025-10-11;F017;TC05;comunitario;1349;3,6;370;405;Djalma Souto;CAM-102;SILO-C;aprovado
2025-10-11;F020;TC02;comunitario;921;3,9;863;70;Djalma Souto;CAM-102;SILO-C;aprovado
2025-10-11;F023;TC05;comunitario;1526;4,0;792;462;Djalma Souto;CAM-102;SILO-C;aprovado
2025-10-11;F027;TI03;individual;1215;5,1;674;99;Everaldo Pires;CAM-103;SILO-A;aprovado
2025-10-11;F030;TI06;individual;1030;4,0;888;405;Everaldo Pires;CAM-103;SILO-A;aprovado
2025-10-11;F033;TI09;individual;2364;5,2;289;281;Everaldo Pires;CAM-103;SILO-A;aprovado
2025-10-11;F036;TI12;individual;2386;4,5;475;329;Everaldo Pires;CAM-103;SILO-A;aprovado
2025-10-13;F015;TC03;comunitario;1359;3,3;664;90;Everaldo Pires;CAM-101;SILO-A;aprovado
2025-10-13;F018;TC06;comunitario;828;3,2;645;147;Everaldo Pires;CAM-101;SILO-A;aprovado
2025-10-13;F021;TC03;comunitario;885;4,3;204;44;Everaldo Pires;CAM-101;SILO-A;aprovado
2025-10-13;F024;TC06;comunitario;561;3,6;528;451;Everaldo Pires;CAM-101;SILO-A;aprovado
2025-10-13;F028;TI04;individual;1051;3,8;613;170;Milton Gouveia;CAM-102;SILO-B;aprovado
2025-10-13;F031;TI07;individual;834;5,3;388;398;Milton Gouveia;CAM-102;SILO-B;aprovado
2025-10-13;F034;TI10;individual;1327;4,3;508;410;Milton Gouveia;CAM-102;SILO-B;aprovado
2025-10-13;F037;TI13;individual;1237;4,8;243;88;Milton Gouveia;CAM-102;SILO-B;aprovado
2025-10-13;F001;TC01;comunitario;382;4,9;130;359;Aparecido Nunes;CAM-103;SILO-C;aprovado
2025-10-13;F004;TC04;comunitario;360;3,8;661;399;Aparecido Nunes;CAM-103;SILO-C;aprovado
2025-10-13;F007;TC01;comunitario;1031;4,6;256;290;Aparecido Nunes;CAM-103;SILO-C;aprovado
2025-10-13;F010;TC04;comunitario;2123;3,4;872;153;Aparecido Nunes;CAM-103;SILO-C;aprovado
2025-10-15;F029;TI05;individual;930;4,5;293;450;Aparecido Nunes;CAM-101;SILO-C;aprovado
2025-10-15;F032;TI08;individual;1025;5,1;139;308;Aparecido Nunes;CAM-101;SILO-C;aprovado
2025-10-15;F035;TI11;individual;456;3,9;146;225;Aparecido Nunes;CAM-101;SILO-C;aprovado
2025-10-15;F038;TI14;individual;789;3,5;246;194;Aparecido Nunes;CAM-101;SILO-C;aprovado
2025-10-15;F002;TC02;comunitario;1154;3,3;835;140;Djalma Souto;CAM-102;SILO-A;aprovado
2025-10-15;F005;TC05;comunitario;1860;4,9;545;433;Djalma Souto;CAM-102;SILO-A;aprovado
2025-10-15;F008;TC02;comunitario;1456;4,2;408;13;Djalma Souto;CAM-102;SILO-A;aprovado
2025-10-15;F011;TC05;comunitario;1873;3,4;266;286;Djalma Souto;CAM-102;SILO-A;aprovado
2025-10-15;F015;TC03;comunitario;659;4,4;549;102;Everaldo Pires;CAM-103;SILO-B;aprovado
2025-10-15;F018;TC06;comunitario;843;4,3;319;374;Everaldo Pires;CAM-103;SILO-B;aprovado
2025-10-15;F021;TC03;comunitario;1535;3,3;825;208;Everaldo Pires;CAM-103;SILO-B;aprovado
2025-10-15;F024;TC06;comunitario;1935;4,0;541;416;Everaldo Pires;CAM-103;SILO-B;aprovado
2025-10-17;F003;TC03;comunitario;854;5,3;195;63;Everaldo Pires;CAM-101;SILO-B;aprovado
2025-10-17;F006;TC06;comunitario;898;3,4;797;414;Everaldo Pires;CAM-101;SILO-B;aprovado
2025-10-17;F009;TC03;comunitario;2147;4,4;327;311;Everaldo Pires;CAM-101;SILO-B;aprovado
2025-10-17;F012;TC06;comunitario;2013;3,3;375;169;Everaldo Pires;CAM-101;SILO-B;aprovado
2025-10-17;F016;TC04;comunitario;706;3,5;846;27;Milton Gouveia;CAM-102;SILO-C;aprovado
2025-10-17;F019;TC01;comunitario;2073;4,8;501;78;Milton Gouveia;CAM-102;SILO-C;aprovado
2025-10-17;F022;TC04;comunitario;1680;3,3;831;71;Milton Gouveia;CAM-102;SILO-C;aprovado
2025-10-17;F025;TI01;individual;2385;4,7;590;228;Milton Gouveia;CAM-102;SILO-C;aprovado
2025-10-17;F029;TI05;individual;1757;3,5;183;458;Aparecido Nunes;CAM-103;SILO-A;aprovado
2025-10-17;F032;TI08;individual;2104;3,3;408;338;Aparecido Nunes;CAM-103;SILO-A;aprovado
2025-10-17;F035;TI11;individual;2128;5,2;189;387;Aparecido Nunes;CAM-103;SILO-A;aprovado
2025-10-17;F038;TI14;individual;2391;4,5;757;99;Aparecido Nunes;CAM-103;SILO-A;aprovado
2025-10-19;F017;TC05;comunitario;1162;3,4;858;162;Aparecido Nunes;CAM-101;SILO-A;aprovado
2025-10-19;F020;TC02;comunitario;1535;3,6;651;378;Aparecido Nunes;CAM-101;SILO-A;aprovado
2025-10-19;F023;TC05;comunitario;1275;3,8;791;161;Aparecido Nunes;CAM-101;SILO-A;aprovado
2025-10-19;F026;TI02;individual;1858;4,5;771;171;Aparecido Nunes;CAM-101;SILO-A;reprovado
2025-10-19;F030;TI06;individual;868;3,3;191;29;Djalma Souto;CAM-102;SILO-B;aprovado
2025-10-19;F033;TI09;individual;1062;4,8;635;256;Djalma Souto;CAM-102;SILO-B;aprovado
2025-10-19;F036;TI12;individual;1018;4,7;804;157;Djalma Souto;CAM-102;SILO-B;aprovado
2025-10-19;F039;TI15;individual;856;3,2;213;473;Djalma Souto;CAM-102;SILO-B;aprovado
2025-10-19;F003;TC03;comunitario;1252;4,0;807;412;Everaldo Pires;CAM-103;SILO-C;aprovado
2025-10-19;F006;TC06;comunitario;758;4,4;816;254;Everaldo Pires;CAM-103;SILO-C;aprovado
2025-10-19;F009;TC03;comunitario;2239;5,3;242;449;Everaldo Pires;CAM-103;SILO-C;aprovado
2025-10-19;F012;TC06;comunitario;793;4,9;250;463;Everaldo Pires;CAM-103;SILO-C;aprovado
2025-10-21;F031;TI07;individual;2238;4,3;863;477;Everaldo Pires;CAM-101;SILO-C;aprovado
2025-10-21;F034;TI10;individual;1352;4,0;419;462;Everaldo Pires;CAM-101;SILO-C;aprovado
2025-10-21;F037;TI13;individual;1252;4,9;136;457;Everaldo Pires;CAM-101;SILO-C;aprovado
2025-10-21;F040;TI16;individual;1237;4,0;365;298;Everaldo Pires;CAM-101;SILO-C;aprovado
2025-10-21;F004;TC04;comunitario;1417;4,6;710;286;Milton Gouveia;CAM-102;SILO-A;aprovado
2025-10-21;F007;TC01;comunitario;1059;5,1;590;323;Milton Gouveia;CAM-102;SILO-A;aprovado
2025-10-21;F010;TC04;comunitario;1353;5,1;877;307;Milton Gouveia;CAM-102;SILO-A;aprovado
2025-10-21;F013;TC01;comunitario;2250;5,0;772;199;Milton Gouveia;CAM-102;SILO-A;aprovado
2025-10-21;F017;TC05;comunitario;1641;5,4;382;260;Aparecido Nunes;CAM-103;SILO-B;aprovado
2025-10-21;F020;TC02;comunitario;833;3,8;781;415;Aparecido Nunes;CAM-103;SILO-B;aprovado
2025-10-21;F023;TC05;comunitario;1633;3,2;879;380;Aparecido Nunes;CAM-103;SILO-B;aprovado
2025-10-21;F026;TI02;individual;1940;3,9;290;387;Aparecido Nunes;CAM-103;SILO-B;aprovado
2025-10-23;F005;TC05;comunitario;2084;3,5;610;358;Aparecido Nunes;CAM-101;SILO-B;aprovado
2025-10-23;F008;TC02;comunitario;955;4,8;228;277;Aparecido Nunes;CAM-101;SILO-B;aprovado
2025-10-23;F011;TC05;comunitario;505;3,5;454;174;Aparecido Nunes;CAM-101;SILO-B;aprovado
2025-10-23;F014;TC02;comunitario;1293;4,3;707;254;Aparecido Nunes;CAM-101;SILO-B;aprovado
2025-10-23;F018;TC06;comunitario;846;4,5;589;346;Djalma Souto;CAM-102;SILO-C;aprovado
2025-10-23;F021;TC03;comunitario;2141;4,0;357;365;Djalma Souto;CAM-102;SILO-C;aprovado
2025-10-23;F024;TC06;comunitario;984;3,3;538;174;Djalma Souto;CAM-102;SILO-C;aprovado
2025-10-23;F027;TI03;individual;2025;4,1;650;351;Djalma Souto;CAM-102;SILO-C;aprovado
2025-10-23;F031;TI07;individual;917;3,5;770;116;Everaldo Pires;CAM-103;SILO-A;aprovado
2025-10-23;F034;TI10;individual;1602;4,4;470;134;Everaldo Pires;CAM-103;SILO-A;aprovado
2025-10-23;F037;TI13;individual;415;4,4;126;25;Everaldo Pires;CAM-103;SILO-A;aprovado
2025-10-23;F040;TI16;individual;516;4,8;332;72;Everaldo Pires;CAM-103;SILO-A;aprovado
2025-10-25;F019;TC01;comunitario;1333;5,1;601;342;Everaldo Pires;CAM-101;SILO-A;aprovado
2025-10-25;F022;TC04;comunitario;2089;5,0;425;451;Everaldo Pires;CAM-101;SILO-A;aprovado
2025-10-25;F025;TI01;individual;1415;3,8;505;339;Everaldo Pires;CAM-101;SILO-A;aprovado
2025-10-25;F028;TI04;individual;400;4,8;642;249;Everaldo Pires;CAM-101;SILO-A;aprovado
2025-10-25;F032;TI08;individual;1513;4,0;753;436;Milton Gouveia;CAM-102;SILO-B;aprovado
2025-10-25;F035;TI11;individual;1476;4,8;352;389;Milton Gouveia;CAM-102;SILO-B;aprovado
2025-10-25;F038;TI14;individual;612;3,6;508;10;Milton Gouveia;CAM-102;SILO-B;aprovado
2025-10-25;F001;TC01;comunitario;1836;3,6;352;320;Milton Gouveia;CAM-102;SILO-B;aprovado
2025-10-25;F005;TC05;comunitario;1825;3,6;838;470;Aparecido Nunes;CAM-103;SILO-C;aprovado
2025-10-25;F008;TC02;comunitario;2219;4,0;457;105;Aparecido Nunes;CAM-103;SILO-C;aprovado
2025-10-25;F011;TC05;comunitario;694;4,5;602;334;Aparecido Nunes;CAM-103;SILO-C;aprovado
2025-10-25;F014;TC02;comunitario;2069;4,6;150;15;Aparecido Nunes;CAM-103;SILO-C;aprovado
2025-10-27;F033;TI09;individual;536;3,9;885;172;Aparecido Nunes;CAM-101;SILO-C;aprovado
2025-10-27;F036;TI12;individual;2263;4,6;531;172;Aparecido Nunes;CAM-101;SILO-C;aprovado
2025-10-27;F039;TI15;individual;1515;5,4;774;247;Aparecido Nunes;CAM-101;SILO-C;aprovado
2025-10-27;F002;TC02;comunitario;2268;4,0;433;250;Aparecido Nunes;CAM-101;SILO-C;aprovado
2025-10-27;F006;TC06;comunitario;1790;5,4;749;204;Djalma Souto;CAM-102;SILO-A;aprovado
2025-10-27;F009;TC03;comunitario;473;5,2;391;270;Djalma Souto;CAM-102;SILO-A;aprovado
2025-10-27;F012;TC06;comunitario;505;3,2;687;46;Djalma Souto;CAM-102;SILO-A;aprovado
2025-10-27;F015;TC03;comunitario;593;5,2;601;188;Djalma Souto;CAM-102;SILO-A;reprovado
2025-10-27;F019;TC01;comunitario;1031;3,3;712;463;Everaldo Pires;CAM-103;SILO-B;aprovado
2025-10-27;F022;TC04;comunitario;1403;4,5;870;475;Everaldo Pires;CAM-103;SILO-B;aprovado
2025-10-27;F025;TI01;individual;2076;4,3;284;226;Everaldo Pires;CAM-103;SILO-B;aprovado
2025-10-27;F028;TI04;individual;1686;4,4;862;379;Everaldo Pires;CAM-103;SILO-B;aprovado
2025-10-29;F007;TC01;comunitario;1574;4,8;660;78;Everaldo Pires;CAM-101;SILO-B;aprovado
2025-10-29;F010;TC04;comunitario;2201;4,7;338;265;Everaldo Pires;CAM-101;SILO-B;aprovado
2025-10-29;F013;TC01;comunitario;2123;4,2;250;455;Everaldo Pires;CAM-101;SILO-B;aprovado
2025-10-29;F016;TC04;comunitario;1704;4,7;423;225;Everaldo Pires;CAM-101;SILO-B;aprovado
2025-10-29;F020;TC02;comunitario;1246;5,4;498;16;Milton Gouveia;CAM-102;SILO-C;aprovado
2025-10-29;F023;TC05;comunitario;901;4,6;599;374;Milton Gouveia;CAM-102;SILO-C;aprovado
2025-10-29;F026;TI02;individual;2328;4,5;710;415;Milton Gouveia;CAM-102;SILO-C;aprovado
2025-10-29;F029;TI05;individual;687;4,1;612;251;Milton Gouveia;CAM-102;SILO-C;aprovado
2025-10-29;F033;TI09;individual;671;5,0;231;182;Aparecido Nunes;CAM-103;SILO-A;aprovado
2025-10-29;F036;TI12;individual;2325;3,6;438;89;Aparecido Nunes;CAM-103;SILO-A;aprovado
2025-10-29;F039;TI15;individual;1572;5,4;360;463;Aparecido Nunes;CAM-103;SILO-A;aprovado
2025-10-29;F002;TC02;comunitario;1891;3,7;748;281;Aparecido Nunes;CAM-103;SILO-A;aprovado
2025-10-31;F021;TC03;comunitario;451;3,7;412;252;Aparecido Nunes;CAM-101;SILO-A;aprovado
2025-10-31;F024;TC06;comunitario;1386;4,0;196;150;Aparecido Nunes;CAM-101;SILO-A;aprovado
2025-10-31;F027;TI03;individual;1622;5,4;805;296;Aparecido Nunes;CAM-101;SILO-A;aprovado
2025-10-31;F030;TI06;individual;532;3,5;422;397;Aparecido Nunes;CAM-101;SILO-A;aprovado
2025-10-31;F034;TI10;individual;2246;4,9;608;223;Djalma Souto;CAM-102;SILO-B;aprovado
2025-10-31;F037;TI13;individual;1614;3,8;769;50;Djalma Souto;CAM-102;SILO-B;aprovado
2025-10-31;F040;TI16;individual;1517;4,7;127;20;Djalma Souto;CAM-102;SILO-B;aprovado
2025-10-31;F003;TC03;comunitario;1786;4,2;857;332;Djalma Souto;CAM-102;SILO-B;aprovado
2025-10-31;F007;TC01;comunitario;1664;3,2;453;403;Everaldo Pires;CAM-103;SILO-C;aprovado
2025-10-31;F010;TC04;comunitario;957;4,5;626;427;Everaldo Pires;CAM-103;SILO-C;aprovado
2025-10-31;F013;TC01;comunitario;2048;4,5;633;232;Everaldo Pires;CAM-103;SILO-C;aprovado
2025-10-31;F016;TC04;comunitario;665;4,0;770;142;Everaldo Pires;CAM-103;SILO-C;aprovado
2025-11-02;F035;TI11;individual;1544;3,8;585;222;Everaldo Pires;CAM-101;SILO-C;aprovado
2025-11-02;F038;TI14;individual;627;3,7;366;276;Everaldo Pires;CAM-101;SILO-C;aprovado
2025-11-02;F001;TC01;comunitario;737;4,6;169;273;Everaldo Pires;CAM-101;SILO-C;aprovado
2025-11-02;F004;TC04;comunitario;1846;5,0;437;84;Everaldo Pires;CAM-101;SILO-C;reprovado
2025-11-02;F008;TC02;comunitario;938;4,9;627;89;Milton Gouveia;CAM-102;SILO-A;aprovado
2025-11-02;F011;TC05;comunitario;1234;4,5;630;185;Milton Gouveia;CAM-102;SILO-A;aprovado
2025-11-02;F014;TC02;comunitario;769;3,9;297;75;Milton Gouveia;CAM-102;SILO-A;aprovado
2025-11-02;F017;TC05;comunitario;2138;4,5;174;109;Milton Gouveia;CAM-102;SILO-A;aprovado
2025-11-02;F021;TC03;comunitario;1656;5,0;456;241;Aparecido Nunes;CAM-103;SILO-B;aprovado
2025-11-02;F024;TC06;comunitario;2007;3,8;413;366;Aparecido Nunes;CAM-103;SILO-B;aprovado
2025-11-02;F027;TI03;individual;700;3,6;608;186;Aparecido Nunes;CAM-103;SILO-B;aprovado
2025-11-02;F030;TI06;individual;1103;3,8;799;455;Aparecido Nunes;CAM-103;SILO-B;aprovado
2025-11-04;F009;TC03;comunitario;643;3,9;418;200;Aparecido Nunes;CAM-101;SILO-B;aprovado
2025-11-04;F012;TC06;comunitario;1916;4,4;349;311;Aparecido Nunes;CAM-101;SILO-B;aprovado
2025-11-04;F015;TC03;comunitario;1845;5,2;176;190;Aparecido Nunes;CAM-101;SILO-B;aprovado
2025-11-04;F018;TC06;comunitario;854;3,6;159;472;Aparecido Nunes;CAM-101;SILO-B;aprovado
2025-11-04;F022;TC04;comunitario;520;5,2;636;429;Djalma Souto;CAM-102;SILO-C;aprovado
2025-11-04;F025;TI01;individual;596;5,0;352;111;Djalma Souto;CAM-102;SILO-C;aprovado
2025-11-04;F028;TI04;individual;2380;4,4;681;381;Djalma Souto;CAM-102;SILO-C;aprovado
2025-11-04;F031;TI07;individual;950;4,3;615;65;Djalma Souto;CAM-102;SILO-C;aprovado
2025-11-04;F035;TI11;individual;1324;5,2;300;104;Everaldo Pires;CAM-103;SILO-A;aprovado
2025-11-04;F038;TI14;individual;1479;4,9;151;236;Everaldo Pires;CAM-103;SILO-A;aprovado
2025-11-04;F001;TC01;comunitario;841;3,6;655;282;Everaldo Pires;CAM-103;SILO-A;aprovado
2025-11-04;F004;TC04;comunitario;2374;4,8;816;420;Everaldo Pires;CAM-103;SILO-A;aprovado
2025-11-06;F023;TC05;comunitario;1524;5,2;133;181;Everaldo Pires;CAM-101;SILO-A;aprovado
2025-11-06;F026;TI02;individual;1300;4,3;379;91;Everaldo Pires;CAM-101;SILO-A;aprovado
2025-11-06;F029;TI05;individual;877;4,9;346;383;Everaldo Pires;CAM-101;SILO-A;aprovado
2025-11-06;F032;TI08;individual;1074;3,3;486;273;Everaldo Pires;CAM-101;SILO-A;aprovado
2025-11-06;F036;TI12;individual;2192;4,0;258;444;Milton Gouveia;CAM-102;SILO-B;aprovado
2025-11-06;F039;TI15;individual;1084;5,2;178;406;Milton Gouveia;CAM-102;SILO-B;aprovado
2025-11-06;F002;TC02;comunitario;1799;5,2;875;205;Milton Gouveia;CAM-102;SILO-B;aprovado
2025-11-06;F005;TC05;comunitario;950;3,4;389;301;Milton Gouveia;CAM-102;SILO-B;aprovado
2025-11-06;F009;TC03;comunitario;663;5,0;190;20;Aparecido Nunes;CAM-103;SILO-C;aprovado
2025-11-06;F012;TC06;comunitario;753;4,4;810;95;Aparecido Nunes;CAM-103;SILO-C;aprovado
2025-11-06;F015;TC03;comunitario;855;3,6;737;45;Aparecido Nunes;CAM-103;SILO-C;aprovado
2025-11-06;F018;TC06;comunitario;660;4,0;128;416;Aparecido Nunes;CAM-103;SILO-C;aprovado
2025-11-08;F037;TI13;individual;1984;4,2;368;140;Aparecido Nunes;CAM-101;SILO-C;aprovado
2025-11-08;F040;TI16;individual;1642;4,3;783;357;Aparecido Nunes;CAM-101;SILO-C;aprovado
2025-11-08;F003;TC03;comunitario;853;4,7;812;39;Aparecido Nunes;CAM-101;SILO-C;aprovado
2025-11-08;F006;TC06;comunitario;2113;5,2;501;99;Aparecido Nunes;CAM-101;SILO-C;aprovado
2025-11-08;F010;TC04;comunitario;1516;4,6;676;35;Djalma Souto;CAM-102;SILO-A;aprovado
2025-11-08;F013;TC01;comunitario;2139;5,0;611;311;Djalma Souto;CAM-102;SILO-A;aprovado
2025-11-08;F016;TC04;comunitario;919;3,7;846;281;Djalma Souto;CAM-102;SILO-A;aprovado
2025-11-08;F019;TC01;comunitario;2075;4,4;528;476;Djalma Souto;CAM-102;SILO-A;reprovado
2025-11-08;F023;TC05;comunitario;1179;4,3;370;88;Everaldo Pires;CAM-103;SILO-B;aprovado
2025-11-08;F026;TI02;individual;1219;4,6;246;197;Everaldo Pires;CAM-103;SILO-B;aprovado
2025-11-08;F029;TI05;individual;1279;3,6;714;89;Everaldo Pires;CAM-103;SILO-B;aprovado
2025-11-08;F032;TI08;individual;645;3,8;189;95;Everaldo Pires;CAM-103;SILO-B;aprovado
2025-11-10;F011;TC05;comunitario;730;4,9;869;68;Everaldo Pires;CAM-101;SILO-B;aprovado
2025-11-10;F014;TC02;comunitario;2379;4,9;474;431;Everaldo Pires;CAM-101;SILO-B;aprovado
2025-11-10;F017;TC05;comunitario;798;3,4;365;254;Everaldo Pires;CAM-101;SILO-B;aprovado
2025-11-10;F020;TC02;comunitario;2057;4,2;872;169;Everaldo Pires;CAM-101;SILO-B;aprovado
2025-11-10;F024;TC06;comunitario;1990;5,0;857;424;Milton Gouveia;CAM-102;SILO-C;aprovado
2025-11-10;F027;TI03;individual;1103;3,6;632;96;Milton Gouveia;CAM-102;SILO-C;aprovado
2025-11-10;F030;TI06;individual;1465;3,6;459;273;Milton Gouveia;CAM-102;SILO-C;aprovado
2025-11-10;F033;TI09;individual;713;4,7;730;425;Milton Gouveia;CAM-102;SILO-C;aprovado
2025-11-10;F037;TI13;individual;1122;5,4;807;95;Aparecido Nunes;CAM-103;SILO-A;aprovado
2025-11-10;F040;TI16;individual;1914;5,3;876;459;Aparecido Nunes;CAM-103;SILO-A;aprovado
2025-11-10;F003;TC03;comunitario;770;3,4;421;200;Aparecido Nunes;CAM-103;SILO-A;aprovado
2025-11-10;F006;TC06;comunitario;978;4,7;419;423;Aparecido Nunes;CAM-103;SILO-A;aprovado
2025-11-12;F025;TI01;individual;617;4,4;686;131;Aparecido Nunes;CAM-101;SILO-A;aprovado
2025-11-12;F028;TI04;individual;1155;3,6;555;72;Aparecido Nunes;CAM-101;SILO-A;aprovado
2025-11-12;F031;TI07;individual;686;3,4;406;421;Aparecido Nunes;CAM-101;SILO-A;aprovado
2025-11-12;F034;TI10;individual;960;4,9;622;114;Aparecido Nunes;CAM-101;SILO-A;aprovado
2025-11-12;F038;TI14;individual;1156;4,7;312;337;Djalma Souto;CAM-102;SILO-B;reprovado
2025-11-12;F001;TC01;comunitario;2225;3,9;360;291;Djalma Souto;CAM-102;SILO-B;aprovado
2025-11-12;F004;TC04;comunitario;876;5,3;725;197;Djalma Souto;CAM-102;SILO-B;aprovado
2025-11-12;F007;TC01;comunitario;2239;3,6;676;27;Djalma Souto;CAM-102;SILO-B;reprovado
2025-11-12;F011;TC05;comunitario;553;4,4;245;202;Everaldo Pires;CAM-103;SILO-C;aprovado
2025-11-12;F014;TC02;comunitario;409;3,3;782;136;Everaldo Pires;CAM-103;SILO-C;aprovado
2025-11-12;F017;TC05;comunitario;1268;4,4;557;122;Everaldo Pires;CAM-103;SILO-C;aprovado
2025-11-12;F020;TC02;comunitario;1979;3,2;767;109;Everaldo Pires;CAM-103;SILO-C;reprovado
2025-11-14;F039;TI15;individual;2262;3,9;874;195;Everaldo Pires;CAM-101;SILO-C;aprovado
2025-11-14;F002;TC02;comunitario;2068;5,2;328;203;Everaldo Pires;CAM-101;SILO-C;aprovado
2025-11-14;F005;TC05;comunitario;2357;5,1;332;41;Everaldo Pires;CAM-101;SILO-C;aprovado
2025-11-14;F008;TC02;comunitario;746;4,6;574;176;Everaldo Pires;CAM-101;SILO-C;aprovado
2025-11-14;F012;TC06;comunitario;1857;5,3;178;351;Milton Gouveia;CAM-102;SILO-A;aprovado
2025-11-14;F015;TC03;comunitario;494;5,0;242;375;Milton Gouveia;CAM-102;SILO-A;aprovado
2025-11-14;F018;TC06;comunitario;1544;4,9;450;437;Milton Gouveia;CAM-102;SILO-A;aprovado
2025-11-14;F021;TC03;comunitario;350;3,3;494;40;Milton Gouveia;CAM-102;SILO-A;aprovado
2025-11-14;F025;TI01;individual;2272;4,9;426;64;Aparecido Nunes;CAM-103;SILO-B;aprovado
2025-11-14;F028;TI04;individual;1204;4,6;739;469;Aparecido Nunes;CAM-103;SILO-B;aprovado
2025-11-14;F031;TI07;individual;477;4,5;308;184;Aparecido Nunes;CAM-103;SILO-B;aprovado
2025-11-14;F034;TI10;individual;436;3,9;586;412;Aparecido Nunes;CAM-103;SILO-B;aprovado
2025-11-16;F013;TC01;comunitario;1385;4,0;173;266;Aparecido Nunes;CAM-101;SILO-B;aprovado
2025-11-16;F016;TC04;comunitario;1238;4,8;131;304;Aparecido Nunes;CAM-101;SILO-B;aprovado
2025-11-16;F019;TC01;comunitario;1005;4,1;753;313;Aparecido Nunes;CAM-101;SILO-B;aprovado
2025-11-16;F022;TC04;comunitario;356;4,8;255;188;Aparecido Nunes;CAM-101;SILO-B;reprovado
2025-11-16;F026;TI02;individual;1129;4,0;843;39;Djalma Souto;CAM-102;SILO-C;aprovado
2025-11-16;F029;TI05;individual;1508;3,7;562;209;Djalma Souto;CAM-102;SILO-C;aprovado
2025-11-16;F032;TI08;individual;511;3,9;254;319;Djalma Souto;CAM-102;SILO-C;aprovado
2025-11-16;F035;TI11;individual;2118;3,6;133;330;Djalma Souto;CAM-102;SILO-C;aprovado
2025-11-16;F039;TI15;individual;1041;4,4;248;262;Everaldo Pires;CAM-103;SILO-A;aprovado
2025-11-16;F002;TC02;comunitario;2171;4,5;231;243;Everaldo Pires;CAM-103;SILO-A;reprovado
2025-11-16;F005;TC05;comunitario;1154;5,2;565;375;Everaldo Pires;CAM-103;SILO-A;aprovado
2025-11-16;F008;TC02;comunitario;1731;4,5;348;232;Everaldo Pires;CAM-103;SILO-A;aprovado
2025-11-18;F027;TI03;individual;524;5,3;267;363;Everaldo Pires;CAM-101;SILO-A;aprovado
2025-11-18;F030;TI06;individual;2086;5,0;758;391;Everaldo Pires;CAM-101;SILO-A;aprovado
2025-11-18;F033;TI09;individual;1115;3,4;540;462;Everaldo Pires;CAM-101;SILO-A;aprovado
2025-11-18;F036;TI12;individual;2003;5,0;364;318;Everaldo Pires;CAM-101;SILO-A;aprovado
2025-11-18;F040;TI16;individual;747;4,0;692;161;Milton Gouveia;CAM-102;SILO-B;aprovado
2025-11-18;F003;TC03;comunitario;2055;3,5;505;458;Milton Gouveia;CAM-102;SILO-B;aprovado
2025-11-18;F006;TC06;comunitario;1319;3,5;562;246;Milton Gouveia;CAM-102;SILO-B;aprovado
2025-11-18;F009;TC03;comunitario;868;3,6;473;371;Milton Gouveia;CAM-102;SILO-B;aprovado
2025-11-18;F013;TC01;comunitario;1882;4,1;305;211;Aparecido Nunes;CAM-103;SILO-C;aprovado
2025-11-18;F016;TC04;comunitario;1547;3,9;642;358;Aparecido Nunes;CAM-103;SILO-C;aprovado
2025-11-18;F019;TC01;comunitario;600;5,3;697;73;Aparecido Nunes;CAM-103;SILO-C;aprovado
2025-11-18;F022;TC04;comunitario;2180;4,9;640;293;Aparecido Nunes;CAM-103;SILO-C;aprovado
2025-11-20;F001;TC01;comunitario;1055;4,7;725;469;Aparecido Nunes;CAM-101;SILO-C;aprovado
2025-11-20;F004;TC04;comunitario;1043;4,6;777;254;Aparecido Nunes;CAM-101;SILO-C;aprovado
2025-11-20;F007;TC01;comunitario;2098;5,4;817;25;Aparecido Nunes;CAM-101;SILO-C;aprovado
2025-11-20;F010;TC04;comunitario;1846;4,7;326;433;Aparecido Nunes;CAM-101;SILO-C;aprovado
2025-11-20;F014;TC02;comunitario;600;4,7;807;477;Djalma Souto;CAM-102;SILO-A;aprovado
2025-11-20;F017;TC05;comunitario;844;3,8;669;378;Djalma Souto;CAM-102;SILO-A;aprovado
2025-11-20;F020;TC02;comunitario;1539;3,8;551;161;Djalma Souto;CAM-102;SILO-A;aprovado
2025-11-20;F023;TC05;comunitario;1239;3,7;781;420;Djalma Souto;CAM-102;SILO-A;aprovado
2025-11-20;F027;TI03;individual;2112;4,1;335;449;Everaldo Pires;CAM-103;SILO-B;aprovado
2025-11-20;F030;TI06;individual;1788;5,0;196;407;Everaldo Pires;CAM-103;SILO-B;aprovado
2025-11-20;F033;TI09;individual;1404;4,2;678;403;Everaldo Pires;CAM-103;SILO-B;aprovado
2025-11-20;F036;TI12;individual;1525;5,2;309;119;Everaldo Pires;CAM-103;SILO-B;aprovado
2025-11-22;F015;TC03;comunitario;542;5,2;140;324;Everaldo Pires;CAM-101;SILO-B;aprovado
2025-11-22;F018;TC06;comunitario;847;4,5;886;122;Everaldo Pires;CAM-101;SILO-B;aprovado
2025-11-22;F021;TC03;comunitario;1876;3,3;580;194;Everaldo Pires;CAM-101;SILO-B;aprovado
2025-11-22;F024;TC06;comunitario;1254;4,7;692;407;Everaldo Pires;CAM-101;SILO-B;aprovado
2025-11-22;F028;TI04;individual;773;3,6;396;363;Milton Gouveia;CAM-102;SILO-C;aprovado
2025-11-22;F031;TI07;individual;890;4,4;185;324;Milton Gouveia;CAM-102;SILO-C;aprovado
2025-11-22;F034;TI10;individual;1796;4,2;668;238;Milton Gouveia;CAM-102;SILO-C;aprovado
2025-11-22;F037;TI13;individual;627;4,8;723;302;Milton Gouveia;CAM-102;SILO-C;aprovado
2025-11-22;F001;TC01;comunitario;1334;3,7;520;406;Aparecido Nunes;CAM-103;SILO-A;aprovado
2025-11-22;F004;TC04;comunitario;1439;5,3;360;267;Aparecido Nunes;CAM-103;SILO-A;aprovado
2025-11-22;F007;TC01;comunitario;1122;4,7;753;292;Aparecido Nunes;CAM-103;SILO-A;aprovado
2025-11-22;F010;TC04;comunitario;1937;3,7;795;49;Aparecido Nunes;CAM-103;SILO-A;aprovado
2025-11-24;F029;TI05;individual;394;4,4;706;233;Aparecido Nunes;CAM-101;SILO-A;aprovado
2025-11-24;F032;TI08;individual;1954;4,0;614;134;Aparecido Nunes;CAM-101;SILO-A;aprovado
2025-11-24;F035;TI11;individual;451;5,3;253;108;Aparecido Nunes;CAM-101;SILO-A;aprovado
2025-11-24;F038;TI14;individual;1048;4,4;232;86;Aparecido Nunes;CAM-101;SILO-A;aprovado
2025-11-24;F002;TC02;comunitario;970;3,5;485;305;Djalma Souto;CAM-102;SILO-B;aprovado
2025-11-24;F005;TC05;comunitario;466;3,8;749;223;Djalma Souto;CAM-102;SILO-B;aprovado
2025-11-24;F008;TC02;comunitario;1775;4,5;389;351;Djalma Souto;CAM-102;SILO-B;aprovado
2025-11-24;F011;TC05;comunitario;1205;3,6;589;335;Djalma Souto;CAM-102;SILO-B;aprovado
2025-11-24;F015;TC03;comunitario;1108;5,3;473;109;Everaldo Pires;CAM-103;SILO-C;aprovado
2025-11-24;F018;TC06;comunitario;1941;3,8;730;267;Everaldo Pires;CAM-103;SILO-C;aprovado
2025-11-24;F021;TC03;comunitario;2376;4,5;663;471;Everaldo Pires;CAM-103;SILO-C;aprovado
2025-11-24;F024;TC06;comunitario;1580;4,7;308;100;Everaldo Pires;CAM-103;SILO-C;aprovado
2025-11-26;F003;TC03;comunitario;1351;5,3;764;240;Everaldo Pires;CAM-101;SILO-C;aprovado
2025-11-26;F006;TC06;comunitario;1993;3,4;453;138;Everaldo Pires;CAM-101;SILO-C;aprovado
2025-11-26;F009;TC03;comunitario;1744;3,9;454;166;Everaldo Pires;CAM-101;SILO-C;aprovado
2025-11-26;F012;TC06;comunitario;2396;4,8;209;114;Everaldo Pires;CAM-101;SILO-C;aprovado
2025-11-26;F016;TC04;comunitario;1233;4,6;675;179;Milton Gouveia;CAM-102;SILO-A;aprovado
2025-11-26;F019;TC01;comunitario;934;4,9;358;286;Milton Gouveia;CAM-102;SILO-A;aprovado
2025-11-26;F022;TC04;comunitario;1495;3,7;535;238;Milton Gouveia;CAM-102;SILO-A;aprovado
2025-11-26;F025;TI01;individual;1491;3,5;858;275;Milton Gouveia;CAM-102;SILO-A;aprovado
2025-11-26;F029;TI05;individual;1961;4,8;227;441;Aparecido Nunes;CAM-103;SILO-B;aprovado
2025-11-26;F032;TI08;individual;1959;4,6;721;425;Aparecido Nunes;CAM-103;SILO-B;aprovado
2025-11-26;F035;TI11;individual;2312;3,5;616;114;Aparecido Nunes;CAM-103;SILO-B;aprovado
2025-11-26;F038;TI14;individual;900;4,6;241;199;Aparecido Nunes;CAM-103;SILO-B;aprovado
2025-11-28;F017;TC05;comunitario;1570;3,3;379;399;Aparecido Nunes;CAM-101;SILO-B;aprovado
2025-11-28;F020;TC02;comunitario;1400;4,7;488;23;Aparecido Nunes;CAM-101;SILO-B;reprovado
2025-11-28;F023;TC05;comunitario;2008;3,6;465;208;Aparecido Nunes;CAM-101;SILO-B;aprovado
2025-11-28;F026;TI02;individual;419;4,0;309;419;Aparecido Nunes;CAM-101;SILO-B;aprovado
2025-11-28;F030;TI06;individual;1123;3,7;237;223;Djalma Souto;CAM-102;SILO-C;aprovado
2025-11-28;F033;TI09;individual;1348;5,0;675;82;Djalma Souto;CAM-102;SILO-C;aprovado
2025-11-28;F036;TI12;individual;2107;4,1;813;240;Djalma Souto;CAM-102;SILO-C;aprovado
2025-11-28;F039;TI15;individual;470;3,8;638;190;Djalma Souto;CAM-102;SILO-C;aprovado
2025-11-28;F003;TC03;comunitario;1357;3,8;859;394;Everaldo Pires;CAM-103;SILO-A;aprovado
2025-11-28;F006;TC06;comunitario;1278;4,9;371;99;Everaldo Pires;CAM-103;SILO-A;aprovado
2025-11-28;F009;TC03;comunitario;953;4,5;123;266;Everaldo Pires;CAM-103;SILO-A;aprovado
2025-11-28;F012;TC06;comunitario;1948;4,0;701;417;Everaldo Pires;CAM-103;SILO-A;aprovado
2025-11-30;F031;TI07;individual;1238;3,8;359;363;Everaldo Pires;CAM-101;SILO-A;aprovado
2025-11-30;F034;TI10;individual;1693;4,9;591;154;Everaldo Pires;CAM-101;SILO-A;aprovado
2025-11-30;F037;TI13;individual;704;3,5;837;85;Everaldo Pires;CAM-101;SILO-A;aprovado
2025-11-30;F040;TI16;individual;2270;3,7;516;271;Everaldo Pires;CAM-101;SILO-A;aprovado
2025-11-30;F004;TC04;comunitario;766;3,4;235;145;Milton Gouveia;CAM-102;SILO-B;aprovado
2025-11-30;F007;TC01;comunitario;677;4,2;639;402;Milton Gouveia;CAM-102;SILO-B;aprovado
2025-11-30;F010;TC04;comunitario;1671;3,5;288;300;Milton Gouveia;CAM-102;SILO-B;aprovado
2025-11-30;F013;TC01;comunitario;1049;4,4;502;259;Milton Gouveia;CAM-102;SILO-B;aprovado
2025-11-30;F017;TC05;comunitario;1723;3,3;523;144;Aparecido Nunes;CAM-103;SILO-C;reprovado
2025-11-30;F020;TC02;comunitario;1381;3,7;531;109;Aparecido Nunes;CAM-103;SILO-C;aprovado
2025-11-30;F023;TC05;comunitario;801;4,8;736;287;Aparecido Nunes;CAM-103;SILO-C;aprovado
2025-11-30;F026;TI02;individual;2196;3,4;718;369;Aparecido Nunes;CAM-103;SILO-C;aprovado
2025-12-02;F005;TC05;comunitario;2087;3,8;282;374;Aparecido Nunes;CAM-101;SILO-C;aprovado
2025-12-02;F008;TC02;comunitario;1952;3,5;525;234;Aparecido Nunes;CAM-101;SILO-C;aprovado
2025-12-02;F011;TC05;comunitario;1482;3,8;363;105;Aparecido Nunes;CAM-101;SILO-C;reprovado
2025-12-02;F014;TC02;comunitario;394;4,3;383;420;Aparecido Nunes;CAM-101;SILO-C;reprovado
2025-12-02;F018;TC06;comunitario;1816;3,4;464;192;Djalma Souto;CAM-102;SILO-A;aprovado
2025-12-02;F021;TC03;comunitario;1206;5,3;534;409;Djalma Souto;CAM-102;SILO-A;aprovado
2025-12-02;F024;TC06;comunitario;623;3,7;727;189;Djalma Souto;CAM-102;SILO-A;aprovado
2025-12-02;F027;TI03;individual;1074;4,1;672;184;Djalma Souto;CAM-102;SILO-A;aprovado
2025-12-02;F031;TI07;individual;1396;3,7;432;85;Everaldo Pires;CAM-103;SILO-B;aprovado
2025-12-02;F034;TI10;individual;1073;3,9;451;372;Everaldo Pires;CAM-103;SILO-B;aprovado
2025-12-02;F037;TI13;individual;1503;3,4;173;8;Everaldo Pires;CAM-103;SILO-B;aprovado
2025-12-02;F040;TI16;individual;1368;4,4;562;387;Everaldo Pires;CAM-103;SILO-B;aprovado
2025-12-04;F019;TC01;comunitario;792;3,7;518;295;Everaldo Pires;CAM-101;SILO-B;aprovado
2025-12-04;F022;TC04;comunitario;544;3,7;644;125;Everaldo Pires;CAM-101;SILO-B;aprovado
2025-12-04;F025;TI01;individual;1458;4,8;142;270;Everaldo Pires;CAM-101;SILO-B;aprovado
2025-12-04;F028;TI04;individual;743;3,2;228;120;Everaldo Pires;CAM-101;SILO-B;aprovado
2025-12-04;F032;TI08;individual;495;3,3;729;68;Milton Gouveia;CAM-102;SILO-C;aprovado
2025-12-04;F035;TI11;individual;751;3,6;481;14;Milton Gouveia;CAM-102;SILO-C;aprovado
2025-12-04;F038;TI14;individual;2246;4,7;421;370;Milton Gouveia;CAM-102;SILO-C;aprovado
2025-12-04;F001;TC01;comunitario;1055;4,6;586;422;Milton Gouveia;CAM-102;SILO-C;aprovado
2025-12-04;F005;TC05;comunitario;599;3,5;843;448;Aparecido Nunes;CAM-103;SILO-A;aprovado
2025-12-04;F008;TC02;comunitario;850;4,7;137;108;Aparecido Nunes;CAM-103;SILO-A;aprovado
2025-12-04;F011;TC05;comunitario;1108;5,1;249;323;Aparecido Nunes;CAM-103;SILO-A;aprovado
2025-12-04;F014;TC02;comunitario;2094;5,2;448;115;Aparecido Nunes;CAM-103;SILO-A;aprovado
2025-12-06;F033;TI09;individual;753;3,7;398;142;Aparecido Nunes;CAM-101;SILO-A;aprovado
2025-12-06;F036;TI12;individual;1791;3,6;452;375;Aparecido Nunes;CAM-101;SILO-A;reprovado
2025-12-06;F039;TI15;individual;360;4,2;158;427;Aparecido Nunes;CAM-101;SILO-A;aprovado
2025-12-06;F002;TC02;comunitario;2360;3,2;819;309;Aparecido Nunes;CAM-101;SILO-A;aprovado
2025-12-06;F006;TC06;comunitario;825;3,3;778;120;Djalma Souto;CAM-102;SILO-B;aprovado
2025-12-06;F009;TC03;comunitario;455;3,8;127;113;Djalma Souto;CAM-102;SILO-B;aprovado
2025-12-06;F012;TC06;comunitario;1943;4,6;184;127;Djalma Souto;CAM-102;SILO-B;aprovado
2025-12-06;F015;TC03;comunitario;1766;3,6;467;226;Djalma Souto;CAM-102;SILO-B;aprovado
2025-12-06;F019;TC01;comunitario;1502;5,1;309;310;Everaldo Pires;CAM-103;SILO-C;aprovado
2025-12-06;F022;TC04;comunitario;2084;4,3;811;366;Everaldo Pires;CAM-103;SILO-C;aprovado
2025-12-06;F025;TI01;individual;2171;5,4;229;324;Everaldo Pires;CAM-103;SILO-C;aprovado
2025-12-06;F028;TI04;individual;327;3,7;243;106;Everaldo Pires;CAM-103;SILO-C;aprovado
2025-12-08;F007;TC01;comunitario;856;4,5;764;17;Everaldo Pires;CAM-101;SILO-C;aprovado
2025-12-08;F010;TC04;comunitario;713;3,8;885;140;Everaldo Pires;CAM-101;SILO-C;aprovado
2025-12-08;F013;TC01;comunitario;1977;4,3;559;184;Everaldo Pires;CAM-101;SILO-C;aprovado
2025-12-08;F016;TC04;comunitario;1798;4,2;886;132;Everaldo Pires;CAM-101;SILO-C;aprovado
2025-12-08;F020;TC02;comunitario;348;4,3;311;409;Milton Gouveia;CAM-102;SILO-A;aprovado
2025-12-08;F023;TC05;comunitario;2253;4,1;650;428;Milton Gouveia;CAM-102;SILO-A;aprovado
2025-12-08;F026;TI02;individual;427;3,3;249;313;Milton Gouveia;CAM-102;SILO-A;aprovado
2025-12-08;F029;TI05;individual;1808;3,8;792;407;Milton Gouveia;CAM-102;SILO-A;aprovado
2025-12-08;F033;TI09;individual;1783;4,1;310;390;Aparecido Nunes;CAM-103;SILO-B;aprovado
2025-12-08;F036;TI12;individual;1911;4,5;140;276;Aparecido Nunes;CAM-103;SILO-B;aprovado
2025-12-08;F039;TI15;individual;713;5,1;545;307;Aparecido Nunes;CAM-103;SILO-B;aprovado
2025-12-08;F002;TC02;comunitario;2384;4,0;692;205;Aparecido Nunes;CAM-103;SILO-B;aprovado
2025-12-10;F021;TC03;comunitario;638;4,6;848;151;Aparecido Nunes;CAM-101;SILO-B;aprovado
2025-12-10;F024;TC06;comunitario;1952;5,4;385;369;Aparecido Nunes;CAM-101;SILO-B;aprovado
2025-12-10;F027;TI03;individual;2318;3,9;618;133;Aparecido Nunes;CAM-101;SILO-B;aprovado
2025-12-10;F030;TI06;individual;1244;4,6;529;314;Aparecido Nunes;CAM-101;SILO-B;reprovado
2025-12-10;F034;TI10;individual;1310;3,6;585;33;Djalma Souto;CAM-102;SILO-C;aprovado
2025-12-10;F037;TI13;individual;844;3,7;446;237;Djalma Souto;CAM-102;SILO-C;aprovado
2025-12-10;F040;TI16;individual;1790;3,4;465;100;Djalma Souto;CAM-102;SILO-C;aprovado
2025-12-10;F003;TC03;comunitario;2026;5,4;393;44;Djalma Souto;CAM-102;SILO-C;aprovado
2025-12-10;F007;TC01;comunitario;850;4,2;473;45;Everaldo Pires;CAM-103;SILO-A;aprovado
2025-12-10;F010;TC04;comunitario;1147;3,6;367;244;Everaldo Pires;CAM-103;SILO-A;aprovado
2025-12-10;F013;TC01;comunitario;2121;3,4;280;15;Everaldo Pires;CAM-103;SILO-A;aprovado
2025-12-10;F016;TC04;comunitario;386;3,3;570;169;Everaldo Pires;CAM-103;SILO-A;aprovado
2025-12-12;F035;TI11;individual;449;4,8;276;386;Everaldo Pires;CAM-101;SILO-A;aprovado
2025-12-12;F038;TI14;individual;600;4,9;550;84;Everaldo Pires;CAM-101;SILO-A;reprovado
2025-12-12;F001;TC01;comunitario;759;4,8;430;212;Everaldo Pires;CAM-101;SILO-A;aprovado
2025-12-12;F004;TC04;comunitario;1994;4,3;404;213;Everaldo Pires;CAM-101;SILO-A;aprovado
2025-12-12;F008;TC02;comunitario;794;3,9;520;259;Milton Gouveia;CAM-102;SILO-B;aprovado
2025-12-12;F011;TC05;comunitario;756;4,4;263;430;Milton Gouveia;CAM-102;SILO-B;aprovado
2025-12-12;F014;TC02;comunitario;1005;3,4;803;267;Milton Gouveia;CAM-102;SILO-B;aprovado
2025-12-12;F017;TC05;comunitario;919;4,9;886;446;Milton Gouveia;CAM-102;SILO-B;aprovado
2025-12-12;F021;TC03;comunitario;1758;5,2;794;219;Aparecido Nunes;CAM-103;SILO-C;aprovado
2025-12-12;F024;TC06;comunitario;1334;4,0;753;288;Aparecido Nunes;CAM-103;SILO-C;aprovado
2025-12-12;F027;TI03;individual;859;5,0;586;129;Aparecido Nunes;CAM-103;SILO-C;aprovado
2025-12-12;F030;TI06;individual;1246;3,8;504;132;Aparecido Nunes;CAM-103;SILO-C;reprovado
2025-12-14;F009;TC03;comunitario;1668;4,6;774;155;Aparecido Nunes;CAM-101;SILO-C;aprovado
2025-12-14;F012;TC06;comunitario;782;3,5;838;304;Aparecido Nunes;CAM-101;SILO-C;aprovado
2025-12-14;F015;TC03;comunitario;748;3,9;462;320;Aparecido Nunes;CAM-101;SILO-C;aprovado
2025-12-14;F018;TC06;comunitario;1820;5,3;629;260;Aparecido Nunes;CAM-101;SILO-C;aprovado
2025-12-14;F022;TC04;comunitario;1911;4,1;414;460;Djalma Souto;CAM-102;SILO-A;aprovado
2025-12-14;F025;TI01;individual;1697;3,4;815;332;Djalma Souto;CAM-102;SILO-A;aprovado
2025-12-14;F028;TI04;individual;441;3,5;823;212;Djalma Souto;CAM-102;SILO-A;aprovado
2025-12-14;F031;TI07;individual;1096;4,2;683;24;Djalma Souto;CAM-102;SILO-A;reprovado
2025-12-14;F035;TI11;individual;1108;4,4;501;308;Everaldo Pires;CAM-103;SILO-B;aprovado
2025-12-14;F038;TI14;individual;532;3,3;763;283;Everaldo Pires;CAM-103;SILO-B;aprovado
2025-12-14;F001;TC01;comunitario;582;5,1;687;296;Everaldo Pires;CAM-103;SILO-B;aprovado
2025-12-14;F004;TC04;comunitario;1149;5,3;716;276;Everaldo Pires;CAM-103;SILO-B;aprovado
2025-12-16;F023;TC05;comunitario;1679;4,8;318;20;Everaldo Pires;CAM-101;SILO-B;aprovado
2025-12-16;F026;TI02;individual;1106;4,9;512;279;Everaldo Pires;CAM-101;SILO-B;aprovado
2025-12-16;F029;TI05;individual;1606;4,5;496;391;Everaldo Pires;CAM-101;SILO-B;aprovado
2025-12-16;F032;TI08;individual;942;4,7;447;316;Everaldo Pires;CAM-101;SILO-B;aprovado
2025-12-16;F036;TI12;individual;2222;3,4;365;319;Milton Gouveia;CAM-102;SILO-C;aprovado
2025-12-16;F039;TI15;individual;344;4,3;460;375;Milton Gouveia;CAM-102;SILO-C;aprovado
2025-12-16;F002;TC02;comunitario;1161;5,3;672;193;Milton Gouveia;CAM-102;SILO-C;aprovado
2025-12-16;F005;TC05;comunitario;771;3,3;332;196;Milton Gouveia;CAM-102;SILO-C;aprovado
2025-12-16;F009;TC03;comunitario;2399;4,6;135;315;Aparecido Nunes;CAM-103;SILO-A;aprovado
2025-12-16;F012;TC06;comunitario;332;3,9;342;402;Aparecido Nunes;CAM-103;SILO-A;aprovado
2025-12-16;F015;TC03;comunitario;1965;3,3;676;247;Aparecido Nunes;CAM-103;SILO-A;aprovado
2025-12-16;F018;TC06;comunitario;2279;3,8;481;315;Aparecido Nunes;CAM-103;SILO-A;aprovado
2025-12-18;F037;TI13;individual;1877;5,2;662;89;Aparecido Nunes;CAM-101;SILO-A;aprovado
2025-12-18;F040;TI16;individual;1770;4,7;786;48;Aparecido Nunes;CAM-101;SILO-A;aprovado
2025-12-18;F003;TC03;comunitario;727;5,0;460;385;Aparecido Nunes;CAM-101;SILO-A;reprovado
2025-12-18;F006;TC06;comunitario;2343;4,2;809;146;Aparecido Nunes;CAM-101;SILO-A;aprovado
2025-12-18;F010;TC04;comunitario;1344;3,6;377;212;Djalma Souto;CAM-102;SILO-B;aprovado
2025-12-18;F013;TC01;comunitario;2159;5,3;862;26;Djalma Souto;CAM-102;SILO-B;aprovado
2025-12-18;F016;TC04;comunitario;442;3,7;260;123;Djalma Souto;CAM-102;SILO-B;aprovado
2025-12-18;F019;TC01;comunitario;1371;4,9;622;303;Djalma Souto;CAM-102;SILO-B;aprovado
2025-12-18;F023;TC05;comunitario;2238;4,5;294;53;Everaldo Pires;CAM-103;SILO-C;aprovado
2025-12-18;F026;TI02;individual;2186;4,0;844;104;Everaldo Pires;CAM-103;SILO-C;aprovado
2025-12-18;F029;TI05;individual;1962;4,2;888;16;Everaldo Pires;CAM-103;SILO-C;aprovado
2025-12-18;F032;TI08;individual;719;3,4;666;111;Everaldo Pires;CAM-103;SILO-C;aprovado
2025-12-20;F011;TC05;comunitario;1476;4,3;453;446;Everaldo Pires;CAM-101;SILO-C;aprovado
2025-12-20;F014;TC02;comunitario;1281;3,2;767;372;Everaldo Pires;CAM-101;SILO-C;aprovado
2025-12-20;F017;TC05;comunitario;2357;4,3;685;53;Everaldo Pires;CAM-101;SILO-C;aprovado
2025-12-20;F020;TC02;comunitario;525;5,1;152;167;Everaldo Pires;CAM-101;SILO-C;aprovado
2025-12-20;F024;TC06;comunitario;2031;4,3;224;133;Milton Gouveia;CAM-102;SILO-A;aprovado
2025-12-20;F027;TI03;individual;1040;3,7;315;349;Milton Gouveia;CAM-102;SILO-A;aprovado
2025-12-20;F030;TI06;individual;1090;4,3;401;77;Milton Gouveia;CAM-102;SILO-A;aprovado
2025-12-20;F033;TI09;individual;1832;3,7;592;137;Milton Gouveia;CAM-102;SILO-A;aprovado
2025-12-20;F037;TI13;individual;549;4,3;696;314;Aparecido Nunes;CAM-103;SILO-B;aprovado
2025-12-20;F040;TI16;individual;378;4,7;483;141;Aparecido Nunes;CAM-103;SILO-B;aprovado
2025-12-20;F003;TC03;comunitario;347;5,2;627;209;Aparecido Nunes;CAM-103;SILO-B;aprovado
2025-12-20;F006;TC06;comunitario;2203;3,7;301;271;Aparecido Nunes;CAM-103;SILO-B;aprovado
2025-12-22;F025;TI01;individual;335;4,3;448;48;Aparecido Nunes;CAM-101;SILO-B;aprovado
2025-12-22;F028;TI04;individual;729;3,5;517;282;Aparecido Nunes;CAM-101;SILO-B;aprovado
2025-12-22;F031;TI07;individual;2028;3,6;126;201;Aparecido Nunes;CAM-101;SILO-B;aprovado
2025-12-22;F034;TI10;individual;2165;3,4;172;343;Aparecido Nunes;CAM-101;SILO-B;aprovado
2025-12-22;F038;TI14;individual;825;3,5;486;152;Djalma Souto;CAM-102;SILO-C;aprovado
2025-12-22;F001;TC01;comunitario;1805;4,3;664;43;Djalma Souto;CAM-102;SILO-C;aprovado
2025-12-22;F004;TC04;comunitario;2297;3,3;595;114;Djalma Souto;CAM-102;SILO-C;aprovado
2025-12-22;F007;TC01;comunitario;2045;4,0;405;323;Djalma Souto;CAM-102;SILO-C;aprovado
2025-12-22;F011;TC05;comunitario;787;5,4;421;388;Everaldo Pires;CAM-103;SILO-A;aprovado
2025-12-22;F014;TC02;comunitario;940;4,6;422;453;Everaldo Pires;CAM-103;SILO-A;aprovado
2025-12-22;F017;TC05;comunitario;2198;4,4;770;151;Everaldo Pires;CAM-103;SILO-A;aprovado
2025-12-22;F020;TC02;comunitario;332;3,8;609;405;Everaldo Pires;CAM-103;SILO-A;aprovado
2025-12-24;F039;TI15;individual;1206;5,2;620;11;Everaldo Pires;CAM-101;SILO-A;aprovado
2025-12-24;F002;TC02;comunitario;510;5,3;390;103;Everaldo Pires;CAM-101;SILO-A;aprovado
2025-12-24;F005;TC05;comunitario;2246;3,6;470;389;Everaldo Pires;CAM-101;SILO-A;aprovado
2025-12-24;F008;TC02;comunitario;1981;3,9;133;105;Everaldo Pires;CAM-101;SILO-A;aprovado
2025-12-24;F012;TC06;comunitario;1532;5,3;608;366;Milton Gouveia;CAM-102;SILO-B;aprovado
2025-12-24;F015;TC03;comunitario;1510;4,2;755;351;Milton Gouveia;CAM-102;SILO-B;aprovado
2025-12-24;F018;TC06;comunitario;867;4,7;303;463;Milton Gouveia;CAM-102;SILO-B;aprovado
2025-12-24;F021;TC03;comunitario;1379;4,6;276;290;Milton Gouveia;CAM-102;SILO-B;aprovado
2025-12-24;F025;TI01;individual;1315;4,4;580;176;Aparecido Nunes;CAM-103;SILO-C;aprovado
2025-12-24;F028;TI04;individual;1766;3,7;363;362;Aparecido Nunes;CAM-103;SILO-C;aprovado
2025-12-24;F031;TI07;individual;1024;5,0;538;364;Aparecido Nunes;CAM-103;SILO-C;aprovado
2025-12-24;F034;TI10;individual;1731;4,3;598;245;Aparecido Nunes;CAM-103;SILO-C;aprovado
2025-12-26;F013;TC01;comunitario;2076;3,8;424;92;Aparecido Nunes;CAM-101;SILO-C;aprovado
2025-12-26;F016;TC04;comunitario;2268;3,7;204;398;Aparecido Nunes;CAM-101;SILO-C;aprovado
2025-12-26;F019;TC01;comunitario;1884;4,7;862;222;Aparecido Nunes;CAM-101;SILO-C;aprovado
2025-12-26;F022;TC04;comunitario;1222;4,9;187;14;Aparecido Nunes;CAM-101;SILO-C;aprovado
2025-12-26;F026;TI02;individual;1883;3,7;285;19;Djalma Souto;CAM-102;SILO-A;aprovado
2025-12-26;F029;TI05;individual;2038;4,6;656;431;Djalma Souto;CAM-102;SILO-A;aprovado
2025-12-26;F032;TI08;individual;1198;5,3;808;282;Djalma Souto;CAM-102;SILO-A;aprovado
2025-12-26;F035;TI11;individual;1912;4,9;878;379;Djalma Souto;CAM-102;SILO-A;aprovado
2025-12-26;F039;TI15;individual;765;3,8;550;120;Everaldo Pires;CAM-103;SILO-B;aprovado
2025-12-26;F002;TC02;comunitario;1953;4,5;565;85;Everaldo Pires;CAM-103;SILO-B;aprovado
2025-12-26;F005;TC05;comunitario;1187;3,8;615;179;Everaldo Pires;CAM-103;SILO-B;aprovado
2025-12-26;F008;TC02;comunitario;2070;4,6;331;337;Everaldo Pires;CAM-103;SILO-B;aprovado
2025-12-28;F027;TI03;individual;1694;4,5;833;380;Everaldo Pires;CAM-101;SILO-B;aprovado
2025-12-28;F030;TI06;individual;2234;5,3;124;252;Everaldo Pires;CAM-101;SILO-B;aprovado
2025-12-28;F033;TI09;individual;2041;4,7;768;274;Everaldo Pires;CAM-101;SILO-B;aprovado
2025-12-28;F036;TI12;individual;1950;5,4;463;147;Everaldo Pires;CAM-101;SILO-B;aprovado
2025-12-28;F040;TI16;individual;2329;4,7;848;362;Milton Gouveia;CAM-102;SILO-C;aprovado
2025-12-28;F003;TC03;comunitario;466;4,6;511;456;Milton Gouveia;CAM-102;SILO-C;aprovado
2025-12-28;F006;TC06;comunitario;665;5,2;272;60;Milton Gouveia;CAM-102;SILO-C;aprovado
2025-12-28;F009;TC03;comunitario;1537;5,0;547;375;Milton Gouveia;CAM-102;SILO-C;aprovado
2025-12-28;F013;TC01;comunitario;326;5,2;193;75;Aparecido Nunes;CAM-103;SILO-A;aprovado
2025-12-28;F016;TC04;comunitario;695;3,3;835;163;Aparecido Nunes;CAM-103;SILO-A;aprovado
2025-12-28;F019;TC01;comunitario;338;4,0;197;98;Aparecido Nunes;CAM-103;SILO-A;aprovado
2025-12-28;F022;TC04;comunitario;1031;4,8;477;99;Aparecido Nunes;CAM-103;SILO-A;aprovado
2025-12-30;F001;TC01;comunitario;2346;4,3;860;244;Aparecido Nunes;CAM-101;SILO-A;aprovado
2025-12-30;F004;TC04;comunitario;1702;4,1;409;423;Aparecido Nunes;CAM-101;SILO-A;aprovado
2025-12-30;F007;TC01;comunitario;745;5,2;779;212;Aparecido Nunes;CAM-101;SILO-A;aprovado
2025-12-30;F010;TC04;comunitario;967;4,5;308;354;Aparecido Nunes;CAM-101;SILO-A;aprovado
2025-12-30;F014;TC02;comunitario;1366;3,4;642;463;Djalma Souto;CAM-102;SILO-B;aprovado
2025-12-30;F017;TC05;comunitario;2265;5,1;239;420;Djalma Souto;CAM-102;SILO-B;aprovado
2025-12-30;F020;TC02;comunitario;1134;4,0;296;211;Djalma Souto;CAM-102;SILO-B;aprovado
2025-12-30;F023;TC05;comunitario;1030;4,0;249;434;Djalma Souto;CAM-102;SILO-B;aprovado
2025-12-30;F027;TI03;individual;1265;4,2;651;242;Everaldo Pires;CAM-103;SILO-C;aprovado
2025-12-30;F030;TI06;individual;572;5,2;589;416;Everaldo Pires;CAM-103;SILO-C;aprovado
2025-12-30;F033;TI09;individual;1483;4,4;781;360;Everaldo Pires;CAM-103;SILO-C;aprovado
2025-12-30;F036;TI12;individual;1095;5,1;527;279;Everaldo Pires;CAM-103;SILO-C;aprovado
2026-01-01;F015;TC03;comunitario;2144;4,0;662;113;Everaldo Pires;CAM-101;SILO-C;aprovado
2026-01-01;F018;TC06;comunitario;956;5,1;814;479;Everaldo Pires;CAM-101;SILO-C;aprovado
2026-01-01;F021;TC03;comunitario;1483;4,4;173;353;Everaldo Pires;CAM-101;SILO-C;aprovado
2026-01-01;F024;TC06;comunitario;1337;4,8;569;172;Everaldo Pires;CAM-101;SILO-C;aprovado
2026-01-01;F028;TI04;individual;1761;4,2;297;281;Milton Gouveia;CAM-102;SILO-A;aprovado
2026-01-01;F031;TI07;individual;341;4,9;537;311;Milton Gouveia;CAM-102;SILO-A;aprovado
2026-01-01;F034;TI10;individual;1184;5,3;450;42;Milton Gouveia;CAM-102;SILO-A;aprovado
2026-01-01;F037;TI13;individual;2382;5,0;378;16;Milton Gouveia;CAM-102;SILO-A;aprovado
2026-01-01;F001;TC01;comunitario;2256;5,3;464;468;Aparecido Nunes;CAM-103;SILO-B;aprovado
2026-01-01;F004;TC04;comunitario;1525;3,5;267;396;Aparecido Nunes;CAM-103;SILO-B;aprovado
2026-01-01;F007;TC01;comunitario;2219;4,5;151;283;Aparecido Nunes;CAM-103;SILO-B;aprovado
2026-01-01;F010;TC04;comunitario;477;5,1;341;455;Aparecido Nunes;CAM-103;SILO-B;aprovado
2026-01-03;F029;TI05;individual;1756;5,1;120;348;Aparecido Nunes;CAM-101;SILO-B;aprovado
2026-01-03;F032;TI08;individual;1987;5,0;422;76;Aparecido Nunes;CAM-101;SILO-B;reprovado
2026-01-03;F035;TI11;individual;1421;3,7;243;22;Aparecido Nunes;CAM-101;SILO-B;aprovado
2026-01-03;F038;TI14;individual;1219;5,3;529;136;Aparecido Nunes;CAM-101;SILO-B;aprovado
2026-01-03;F002;TC02;comunitario;2274;3,6;614;300;Djalma Souto;CAM-102;SILO-C;aprovado
2026-01-03;F005;TC05;comunitario;440;4,8;453;255;Djalma Souto;CAM-102;SILO-C;aprovado
2026-01-03;F008;TC02;comunitario;1497;3,2;340;415;Djalma Souto;CAM-102;SILO-C;aprovado
2026-01-03;F011;TC05;comunitario;2324;3,4;484;397;Djalma Souto;CAM-102;SILO-C;aprovado
2026-01-03;F015;TC03;comunitario;1635;4,0;821;196;Everaldo Pires;CAM-103;SILO-A;aprovado
2026-01-03;F018;TC06;comunitario;2362;3,2;301;25;Everaldo Pires;CAM-103;SILO-A;aprovado
2026-01-03;F021;TC03;comunitario;690;4,2;849;230;Everaldo Pires;CAM-103;SILO-A;aprovado
2026-01-03;F024;TC06;comunitario;1237;4,6;741;122;Everaldo Pires;CAM-103;SILO-A;aprovado
2026-01-05;F003;TC03;comunitario;1904;5,2;131;444;Everaldo Pires;CAM-101;SILO-A;aprovado
2026-01-05;F006;TC06;comunitario;1158;4,2;212;306;Everaldo Pires;CAM-101;SILO-A;aprovado
2026-01-05;F009;TC03;comunitario;1996;4,6;337;116;Everaldo Pires;CAM-101;SILO-A;aprovado
2026-01-05;F012;TC06;comunitario;1694;4,2;587;454;Everaldo Pires;CAM-101;SILO-A;aprovado
2026-01-05;F016;TC04;comunitario;1635;5,1;172;165;Milton Gouveia;CAM-102;SILO-B;aprovado
2026-01-05;F019;TC01;comunitario;2132;3,2;258;296;Milton Gouveia;CAM-102;SILO-B;aprovado
2026-01-05;F022;TC04;comunitario;1876;4,2;383;348;Milton Gouveia;CAM-102;SILO-B;aprovado
2026-01-05;F025;TI01;individual;1767;5,1;708;437;Milton Gouveia;CAM-102;SILO-B;aprovado
2026-01-05;F029;TI05;individual;2284;3,3;335;82;Aparecido Nunes;CAM-103;SILO-C;aprovado
2026-01-05;F032;TI08;individual;2336;5,3;184;395;Aparecido Nunes;CAM-103;SILO-C;aprovado
2026-01-05;F035;TI11;individual;922;4,7;528;446;Aparecido Nunes;CAM-103;SILO-C;aprovado
2026-01-05;F038;TI14;individual;2301;3,2;884;197;Aparecido Nunes;CAM-103;SILO-C;aprovado
2026-01-07;F017;TC05;comunitario;606;5,0;372;360;Aparecido Nunes;CAM-101;SILO-C;aprovado
2026-01-07;F020;TC02;comunitario;730;4,9;836;15;Aparecido Nunes;CAM-101;SILO-C;aprovado
2026-01-07;F023;TC05;comunitario;1125;5,3;711;323;Aparecido Nunes;CAM-101;SILO-C;aprovado
2026-01-07;F026;TI02;individual;754;3,4;281;226;Aparecido Nunes;CAM-101;SILO-C;aprovado
2026-01-07;F030;TI06;individual;1691;4,5;330;98;Djalma Souto;CAM-102;SILO-A;aprovado
2026-01-07;F033;TI09;individual;1173;4,3;356;460;Djalma Souto;CAM-102;SILO-A;aprovado
2026-01-07;F036;TI12;individual;746;4,7;603;13;Djalma Souto;CAM-102;SILO-A;aprovado
2026-01-07;F039;TI15;individual;520;4,5;592;188;Djalma Souto;CAM-102;SILO-A;aprovado
2026-01-07;F003;TC03;comunitario;1236;3,9;191;23;Everaldo Pires;CAM-103;SILO-B;aprovado
2026-01-07;F006;TC06;comunitario;1821;4,2;857;347;Everaldo Pires;CAM-103;SILO-B;aprovado
2026-01-07;F009;TC03;comunitario;1018;3,2;266;272;Everaldo Pires;CAM-103;SILO-B;aprovado
2026-01-07;F012;TC06;comunitario;485;3,6;693;138;Everaldo Pires;CAM-103;SILO-B;aprovado
2026-01-09;F031;TI07;individual;1070;3,7;844;387;Everaldo Pires;CAM-101;SILO-B;aprovado
2026-01-09;F034;TI10;individual;1349;4,2;684;95;Everaldo Pires;CAM-101;SILO-B;aprovado
2026-01-09;F037;TI13;individual;1761;5,2;690;438;Everaldo Pires;CAM-101;SILO-B;aprovado
2026-01-09;F040;TI16;individual;1687;4,9;583;207;Everaldo Pires;CAM-101;SILO-B;aprovado
2026-01-09;F004;TC04;comunitario;2238;5,2;248;47;Milton Gouveia;CAM-102;SILO-C;aprovado
2026-01-09;F007;TC01;comunitario;1395;3,3;662;273;Milton Gouveia;CAM-102;SILO-C;aprovado
2026-01-09;F010;TC04;comunitario;2192;4,1;428;103;Milton Gouveia;CAM-102;SILO-C;aprovado
2026-01-09;F013;TC01;comunitario;998;3,5;878;464;Milton Gouveia;CAM-102;SILO-C;aprovado
2026-01-09;F017;TC05;comunitario;1901;3,4;240;262;Aparecido Nunes;CAM-103;SILO-A;aprovado
2026-01-09;F020;TC02;comunitario;1080;4,2;513;134;Aparecido Nunes;CAM-103;SILO-A;aprovado
2026-01-09;F023;TC05;comunitario;1260;3,9;843;227;Aparecido Nunes;CAM-103;SILO-A;aprovado
2026-01-09;F026;TI02;individual;1758;4,3;737;147;Aparecido Nunes;CAM-103;SILO-A;aprovado
2026-01-11;F005;TC05;comunitario;482;3,9;236;326;Aparecido Nunes;CAM-101;SILO-A;aprovado
2026-01-11;F008;TC02;comunitario;861;4,0;522;431;Aparecido Nunes;CAM-101;SILO-A;aprovado
2026-01-11;F011;TC05;comunitario;1609;4,4;856;179;Aparecido Nunes;CAM-101;SILO-A;aprovado
2026-01-11;F014;TC02;comunitario;1207;5,2;849;405;Aparecido Nunes;CAM-101;SILO-A;aprovado
2026-01-11;F018;TC06;comunitario;1521;3,3;533;430;Djalma Souto;CAM-102;SILO-B;aprovado
2026-01-11;F021;TC03;comunitario;2125;5,1;794;16;Djalma Souto;CAM-102;SILO-B;aprovado
2026-01-11;F024;TC06;comunitario;1502;4,0;781;444;Djalma Souto;CAM-102;SILO-B;aprovado
2026-01-11;F027;TI03;individual;1689;4,9;410;10;Djalma Souto;CAM-102;SILO-B;aprovado
2026-01-11;F031;TI07;individual;742;5,2;552;303;Everaldo Pires;CAM-103;SILO-C;aprovado
2026-01-11;F034;TI10;individual;828;4,2;759;127;Everaldo Pires;CAM-103;SILO-C;aprovado
2026-01-11;F037;TI13;individual;917;5,3;717;195;Everaldo Pires;CAM-103;SILO-C;aprovado
2026-01-11;F040;TI16;individual;1425;4,4;338;301;Everaldo Pires;CAM-103;SILO-C;aprovado
2026-01-13;F019;TC01;comunitario;1885;5,2;604;462;Everaldo Pires;CAM-101;SILO-C;aprovado
2026-01-13;F022;TC04;comunitario;924;4,8;782;32;Everaldo Pires;CAM-101;SILO-C;aprovado
2026-01-13;F025;TI01;individual;1175;4,1;755;405;Everaldo Pires;CAM-101;SILO-C;aprovado
2026-01-13;F028;TI04;individual;1278;3,6;627;389;Everaldo Pires;CAM-101;SILO-C;aprovado
2026-01-13;F032;TI08;individual;952;5,4;509;66;Milton Gouveia;CAM-102;SILO-A;aprovado
2026-01-13;F035;TI11;individual;890;3,5;207;198;Milton Gouveia;CAM-102;SILO-A;aprovado
2026-01-13;F038;TI14;individual;583;5,4;714;272;Milton Gouveia;CAM-102;SILO-A;aprovado
2026-01-13;F001;TC01;comunitario;1740;5,2;500;109;Milton Gouveia;CAM-102;SILO-A;aprovado
2026-01-13;F005;TC05;comunitario;1049;5,0;364;456;Aparecido Nunes;CAM-103;SILO-B;aprovado
2026-01-13;F008;TC02;comunitario;625;3,4;309;89;Aparecido Nunes;CAM-103;SILO-B;aprovado
2026-01-13;F011;TC05;comunitario;2322;4,3;543;173;Aparecido Nunes;CAM-103;SILO-B;aprovado
2026-01-13;F014;TC02;comunitario;459;4,8;133;287;Aparecido Nunes;CAM-103;SILO-B;aprovado
2026-01-15;F033;TI09;individual;385;5,2;348;32;Aparecido Nunes;CAM-101;SILO-B;aprovado
2026-01-15;F036;TI12;individual;1773;5,4;563;339;Aparecido Nunes;CAM-101;SILO-B;aprovado
2026-01-15;F039;TI15;individual;1081;5,1;493;416;Aparecido Nunes;CAM-101;SILO-B;aprovado
2026-01-15;F002;TC02;comunitario;1194;5,2;840;81;Aparecido Nunes;CAM-101;SILO-B;aprovado
2026-01-15;F006;TC06;comunitario;1298;4,5;527;405;Djalma Souto;CAM-102;SILO-C;aprovado
2026-01-15;F009;TC03;comunitario;1674;4,4;578;40;Djalma Souto;CAM-102;SILO-C;aprovado
2026-01-15;F012;TC06;comunitario;1244;4,6;444;260;Djalma Souto;CAM-102;SILO-C;aprovado
2026-01-15;F015;TC03;comunitario;621;5,0;429;81;Djalma Souto;CAM-102;SILO-C;aprovado
2026-01-15;F019;TC01;comunitario;1306;4,3;165;280;Everaldo Pires;CAM-103;SILO-A;aprovado
2026-01-15;F022;TC04;comunitario;833;4,9;188;443;Everaldo Pires;CAM-103;SILO-A;aprovado
2026-01-15;F025;TI01;individual;1266;3,7;560;280;Everaldo Pires;CAM-103;SILO-A;aprovado
2026-01-15;F028;TI04;individual;465;4,9;477;12;Everaldo Pires;CAM-103;SILO-A;aprovado
2026-01-17;F007;TC01;comunitario;1994;3,5;816;11;Everaldo Pires;CAM-101;SILO-A;aprovado
2026-01-17;F010;TC04;comunitario;1714;5,2;693;189;Everaldo Pires;CAM-101;SILO-A;aprovado
2026-01-17;F013;TC01;comunitario;913;5,1;804;219;Everaldo Pires;CAM-101;SILO-A;aprovado
2026-01-17;F016;TC04;comunitario;2110;5,3;269;405;Everaldo Pires;CAM-101;SILO-A;aprovado
2026-01-17;F020;TC02;comunitario;1475;5,0;740;225;Milton Gouveia;CAM-102;SILO-B;aprovado
2026-01-17;F023;TC05;comunitario;2113;3,3;813;72;Milton Gouveia;CAM-102;SILO-B;aprovado
2026-01-17;F026;TI02;individual;2108;4,5;710;318;Milton Gouveia;CAM-102;SILO-B;aprovado
2026-01-17;F029;TI05;individual;1666;4,7;281;109;Milton Gouveia;CAM-102;SILO-B;aprovado
2026-01-17;F033;TI09;individual;1480;5,1;601;330;Aparecido Nunes;CAM-103;SILO-C;aprovado
2026-01-17;F036;TI12;individual;1862;4,5;881;48;Aparecido Nunes;CAM-103;SILO-C;aprovado
2026-01-17;F039;TI15;individual;468;4,5;562;335;Aparecido Nunes;CAM-103;SILO-C;aprovado
2026-01-17;F002;TC02;comunitario;2142;5,0;210;330;Aparecido Nunes;CAM-103;SILO-C;reprovado
2026-01-19;F021;TC03;comunitario;1561;4,7;516;471;Aparecido Nunes;CAM-101;SILO-C;aprovado
2026-01-19;F024;TC06;comunitario;1301;3,6;697;241;Aparecido Nunes;CAM-101;SILO-C;aprovado
2026-01-19;F027;TI03;individual;1389;3,2;748;186;Aparecido Nunes;CAM-101;SILO-C;aprovado
2026-01-19;F030;TI06;individual;2178;3,3;392;79;Aparecido Nunes;CAM-101;SILO-C;aprovado
2026-01-19;F034;TI10;individual;464;5,3;565;190;Djalma Souto;CAM-102;SILO-A;aprovado
2026-01-19;F037;TI13;individual;1960;4,6;333;395;Djalma Souto;CAM-102;SILO-A;aprovado
2026-01-19;F040;TI16;individual;1328;3,2;676;48;Djalma Souto;CAM-102;SILO-A;aprovado
2026-01-19;F003;TC03;comunitario;1842;3,7;501;225;Djalma Souto;CAM-102;SILO-A;aprovado
2026-01-19;F007;TC01;comunitario;2378;4,7;652;55;Everaldo Pires;CAM-103;SILO-B;aprovado
2026-01-19;F010;TC04;comunitario;1616;4,7;416;420;Everaldo Pires;CAM-103;SILO-B;aprovado
2026-01-19;F013;TC01;comunitario;947;3,7;863;442;Everaldo Pires;CAM-103;SILO-B;aprovado
2026-01-19;F016;TC04;comunitario;488;4,1;279;276;Everaldo Pires;CAM-103;SILO-B;aprovado
2026-01-21;F035;TI11;individual;1104;4,4;314;396;Everaldo Pires;CAM-101;SILO-B;aprovado
2026-01-21;F038;TI14;individual;830;5,3;347;310;Everaldo Pires;CAM-101;SILO-B;aprovado
2026-01-21;F001;TC01;comunitario;730;4,2;385;23;Everaldo Pires;CAM-101;SILO-B;aprovado
2026-01-21;F004;TC04;comunitario;1295;4,6;871;361;Everaldo Pires;CAM-101;SILO-B;aprovado
2026-01-21;F008;TC02;comunitario;1511;3,4;438;126;Milton Gouveia;CAM-102;SILO-C;aprovado
2026-01-21;F011;TC05;comunitario;1334;4,4;136;219;Milton Gouveia;CAM-102;SILO-C;aprovado
2026-01-21;F014;TC02;comunitario;1780;4,7;858;354;Milton Gouveia;CAM-102;SILO-C;aprovado
2026-01-21;F017;TC05;comunitario;2394;5,4;235;166;Milton Gouveia;CAM-102;SILO-C;aprovado
2026-01-21;F021;TC03;comunitario;2086;3,9;647;326;Aparecido Nunes;CAM-103;SILO-A;aprovado
2026-01-21;F024;TC06;comunitario;2046;3,3;545;235;Aparecido Nunes;CAM-103;SILO-A;aprovado
2026-01-21;F027;TI03;individual;547;4,9;807;350;Aparecido Nunes;CAM-103;SILO-A;aprovado
2026-01-21;F030;TI06;individual;571;5,1;882;343;Aparecido Nunes;CAM-103;SILO-A;aprovado
2026-01-23;F009;TC03;comunitario;2164;4,7;122;115;Aparecido Nunes;CAM-101;SILO-A;aprovado
2026-01-23;F012;TC06;comunitario;755;4,3;125;421;Aparecido Nunes;CAM-101;SILO-A;aprovado
2026-01-23;F015;TC03;comunitario;785;4,1;190;423;Aparecido Nunes;CAM-101;SILO-A;aprovado
2026-01-23;F018;TC06;comunitario;1226;3,4;238;125;Aparecido Nunes;CAM-101;SILO-A;aprovado
2026-01-23;F022;TC04;comunitario;1049;4,1;559;159;Djalma Souto;CAM-102;SILO-B;aprovado
2026-01-23;F025;TI01;individual;2225;5,0;364;248;Djalma Souto;CAM-102;SILO-B;aprovado
2026-01-23;F028;TI04;individual;341;3,6;562;181;Djalma Souto;CAM-102;SILO-B;aprovado
2026-01-23;F031;TI07;individual;1323;5,0;184;64;Djalma Souto;CAM-102;SILO-B;aprovado
2026-01-23;F035;TI11;individual;939;3,2;302;347;Everaldo Pires;CAM-103;SILO-C;aprovado
2026-01-23;F038;TI14;individual;1692;3,2;500;294;Everaldo Pires;CAM-103;SILO-C;aprovado
2026-01-23;F001;TC01;comunitario;913;3,6;611;320;Everaldo Pires;CAM-103;SILO-C;aprovado
2026-01-23;F004;TC04;comunitario;617;5,0;728;379;Everaldo Pires;CAM-103;SILO-C;aprovado
2026-01-25;F023;TC05;comunitario;2384;4,1;164;172;Everaldo Pires;CAM-101;SILO-C;aprovado
2026-01-25;F026;TI02;individual;2106;4,8;200;125;Everaldo Pires;CAM-101;SILO-C;aprovado
2026-01-25;F029;TI05;individual;2062;5,0;572;134;Everaldo Pires;CAM-101;SILO-C;aprovado
2026-01-25;F032;TI08;individual;434;4,0;267;450;Everaldo Pires;CAM-101;SILO-C;aprovado
2026-01-25;F036;TI12;individual;2007;4,6;886;291;Milton Gouveia;CAM-102;SILO-A;aprovado
2026-01-25;F039;TI15;individual;1400;4,2;228;52;Milton Gouveia;CAM-102;SILO-A;reprovado
2026-01-25;F002;TC02;comunitario;1247;3,4;419;65;Milton Gouveia;CAM-102;SILO-A;aprovado
2026-01-25;F005;TC05;comunitario;460;4,4;188;59;Milton Gouveia;CAM-102;SILO-A;aprovado
2026-01-25;F009;TC03;comunitario;1152;5,2;598;271;Aparecido Nunes;CAM-103;SILO-B;aprovado
2026-01-25;F012;TC06;comunitario;1264;3,7;193;185;Aparecido Nunes;CAM-103;SILO-B;aprovado
2026-01-25;F015;TC03;comunitario;429;3,6;703;425;Aparecido Nunes;CAM-103;SILO-B;aprovado
2026-01-25;F018;TC06;comunitario;2358;4,3;484;390;Aparecido Nunes;CAM-103;SILO-B;aprovado
2026-01-27;F037;TI13;individual;1929;4,6;832;100;Aparecido Nunes;CAM-101;SILO-B;aprovado
2026-01-27;F040;TI16;individual;619;3,5;371;80;Aparecido Nunes;CAM-101;SILO-B;aprovado
2026-01-27;F003;TC03;comunitario;1739;3,9;259;50;Aparecido Nunes;CAM-101;SILO-B;aprovado
2026-01-27;F006;TC06;comunitario;1996;3,8;703;210;Aparecido Nunes;CAM-101;SILO-B;aprovado
2026-01-27;F010;TC04;comunitario;1396;5,2;736;367;Djalma Souto;CAM-102;SILO-C;aprovado
2026-01-27;F013;TC01;comunitario;1179;3,6;305;98;Djalma Souto;CAM-102;SILO-C;aprovado
2026-01-27;F016;TC04;comunitario;937;3,5;404;310;Djalma Souto;CAM-102;SILO-C;aprovado
2026-01-27;F019;TC01;comunitario;532;5,2;729;343;Djalma Souto;CAM-102;SILO-C;aprovado
2026-01-27;F023;TC05;comunitario;2264;3,9;182;353;Everaldo Pires;CAM-103;SILO-A;aprovado
2026-01-27;F026;TI02;individual;2355;4,0;130;375;Everaldo Pires;CAM-103;SILO-A;aprovado
2026-01-27;F029;TI05;individual;1112;4,4;597;402;Everaldo Pires;CAM-103;SILO-A;aprovado
2026-01-27;F032;TI08;individual;1627;3,9;624;71;Everaldo Pires;CAM-103;SILO-A;aprovado
2026-01-29;F011;TC05;comunitario;2373;4,7;689;107;Everaldo Pires;CAM-101;SILO-A;aprovado
2026-01-29;F014;TC02;comunitario;1196;4,1;204;289;Everaldo Pires;CAM-101;SILO-A;aprovado
2026-01-29;F017;TC05;comunitario;1583;3,7;277;361;Everaldo Pires;CAM-101;SILO-A;aprovado
2026-01-29;F020;TC02;comunitario;1177;4,1;798;38;Everaldo Pires;CAM-101;SILO-A;aprovado
2026-01-29;F024;TC06;comunitario;665;3,5;781;18;Milton Gouveia;CAM-102;SILO-B;aprovado
2026-01-29;F027;TI03;individual;2181;4,6;873;158;Milton Gouveia;CAM-102;SILO-B;aprovado
2026-01-29;F030;TI06;individual;2118;4,0;763;21;Milton Gouveia;CAM-102;SILO-B;aprovado
2026-01-29;F033;TI09;individual;916;3,3;636;100;Milton Gouveia;CAM-102;SILO-B;aprovado
2026-01-29;F037;TI13;individual;752;4,3;209;153;Aparecido Nunes;CAM-103;SILO-C;aprovado
2026-01-29;F040;TI16;individual;1632;4,3;484;286;Aparecido Nunes;CAM-103;SILO-C;aprovado
2026-01-29;F003;TC03;comunitario;1244;4,6;386;460;Aparecido Nunes;CAM-103;SILO-C;aprovado
2026-01-29;F006;TC06;comunitario;500;5,0;627;475;Aparecido Nunes;CAM-103;SILO-C;aprovado
2026-01-31;F025;TI01;individual;1202;4,1;625;300;Aparecido Nunes;CAM-101;SILO-C;aprovado
2026-01-31;F028;TI04;individual;1870;4,8;181;23;Aparecido Nunes;CAM-101;SILO-C;reprovado
2026-01-31;F031;TI07;individual;1935;3,5;281;466;Aparecido Nunes;CAM-101;SILO-C;aprovado
2026-01-31;F034;TI10;individual;1473;4,9;791;12;Aparecido Nunes;CAM-101;SILO-C;aprovado
2026-01-31;F038;TI14;individual;2241;3,4;195;92;Djalma Souto;CAM-102;SILO-A;aprovado
2026-01-31;F001;TC01;comunitario;1210;5,2;735;94;Djalma Souto;CAM-102;SILO-A;aprovado
2026-01-31;F004;TC04;comunitario;1575;4,7;123;137;Djalma Souto;CAM-102;SILO-A;aprovado
2026-01-31;F007;TC01;comunitario;1895;4,3;675;96;Djalma Souto;CAM-102;SILO-A;aprovado
2026-01-31;F011;TC05;comunitario;1442;4,5;371;86;Everaldo Pires;CAM-103;SILO-B;aprovado
2026-01-31;F014;TC02;comunitario;1146;4,9;178;131;Everaldo Pires;CAM-103;SILO-B;aprovado
2026-01-31;F017;TC05;comunitario;426;4,2;335;210;Everaldo Pires;CAM-103;SILO-B;aprovado
2026-01-31;F020;TC02;comunitario;1863;3,8;482;333;Everaldo Pires;CAM-103;SILO-B;aprovado
2026-02-02;F039;TI15;individual;1372;4,9;180;234;Everaldo Pires;CAM-101;SILO-B;aprovado
2026-02-02;F002;TC02;comunitario;855;3,4;149;434;Everaldo Pires;CAM-101;SILO-B;aprovado
2026-02-02;F005;TC05;comunitario;636;5,2;479;414;Everaldo Pires;CAM-101;SILO-B;aprovado
2026-02-02;F008;TC02;comunitario;1860;4,7;293;316;Everaldo Pires;CAM-101;SILO-B;aprovado
2026-02-02;F012;TC06;comunitario;2207;5,2;494;112;Milton Gouveia;CAM-102;SILO-C;aprovado
2026-02-02;F015;TC03;comunitario;522;5,2;853;474;Milton Gouveia;CAM-102;SILO-C;aprovado
2026-02-02;F018;TC06;comunitario;954;5,4;653;45;Milton Gouveia;CAM-102;SILO-C;aprovado
2026-02-02;F021;TC03;comunitario;1190;4,1;665;415;Milton Gouveia;CAM-102;SILO-C;aprovado
2026-02-02;F025;TI01;individual;2078;3,8;798;166;Aparecido Nunes;CAM-103;SILO-A;aprovado
2026-02-02;F028;TI04;individual;785;4,8;325;479;Aparecido Nunes;CAM-103;SILO-A;aprovado
2026-02-02;F031;TI07;individual;502;4,2;648;40;Aparecido Nunes;CAM-103;SILO-A;aprovado
2026-02-02;F034;TI10;individual;1988;4,6;813;75;Aparecido Nunes;CAM-103;SILO-A;aprovado
2026-02-04;F013;TC01;comunitario;1820;4,7;238;44;Aparecido Nunes;CAM-101;SILO-A;aprovado
2026-02-04;F016;TC04;comunitario;2261;5,1;875;372;Aparecido Nunes;CAM-101;SILO-A;aprovado
2026-02-04;F019;TC01;comunitario;626;3,6;140;414;Aparecido Nunes;CAM-101;SILO-A;aprovado
2026-02-04;F022;TC04;comunitario;692;3,6;577;406;Aparecido Nunes;CAM-101;SILO-A;aprovado
2026-02-04;F026;TI02;individual;494;4,5;783;302;Djalma Souto;CAM-102;SILO-B;aprovado
2026-02-04;F029;TI05;individual;529;3,8;251;144;Djalma Souto;CAM-102;SILO-B;aprovado
2026-02-04;F032;TI08;individual;2007;4,6;447;172;Djalma Souto;CAM-102;SILO-B;aprovado
2026-02-04;F035;TI11;individual;1750;4,0;696;149;Djalma Souto;CAM-102;SILO-B;aprovado
2026-02-04;F039;TI15;individual;2314;4,9;743;88;Everaldo Pires;CAM-103;SILO-C;aprovado
2026-02-04;F002;TC02;comunitario;707;5,4;283;396;Everaldo Pires;CAM-103;SILO-C;aprovado
2026-02-04;F005;TC05;comunitario;607;4,3;742;328;Everaldo Pires;CAM-103;SILO-C;aprovado
2026-02-04;F008;TC02;comunitario;1156;5,2;493;432;Everaldo Pires;CAM-103;SILO-C;aprovado
2026-02-06;F027;TI03;individual;1770;4,9;220;150;Everaldo Pires;CAM-101;SILO-C;aprovado
2026-02-06;F030;TI06;individual;1995;5,3;878;216;Everaldo Pires;CAM-101;SILO-C;aprovado
2026-02-06;F033;TI09;individual;1448;5,1;663;83;Everaldo Pires;CAM-101;SILO-C;aprovado
2026-02-06;F036;TI12;individual;658;4,5;334;89;Everaldo Pires;CAM-101;SILO-C;aprovado
2026-02-06;F040;TI16;individual;1483;5,1;547;228;Milton Gouveia;CAM-102;SILO-A;aprovado
2026-02-06;F003;TC03;comunitario;2222;3,7;860;149;Milton Gouveia;CAM-102;SILO-A;aprovado
2026-02-06;F006;TC06;comunitario;1581;4,1;710;135;Milton Gouveia;CAM-102;SILO-A;aprovado
2026-02-06;F009;TC03;comunitario;882;4,6;449;451;Milton Gouveia;CAM-102;SILO-A;aprovado
2026-02-06;F013;TC01;comunitario;569;4,1;853;469;Aparecido Nunes;CAM-103;SILO-B;aprovado
2026-02-06;F016;TC04;comunitario;1897;4,9;613;376;Aparecido Nunes;CAM-103;SILO-B;aprovado
2026-02-06;F019;TC01;comunitario;1340;4,5;644;64;Aparecido Nunes;CAM-103;SILO-B;aprovado
2026-02-06;F022;TC04;comunitario;1877;4,1;441;398;Aparecido Nunes;CAM-103;SILO-B;aprovado
2026-02-08;F001;TC01;comunitario;1211;4,7;450;279;Aparecido Nunes;CAM-101;SILO-B;reprovado
2026-02-08;F004;TC04;comunitario;1051;3,6;546;417;Aparecido Nunes;CAM-101;SILO-B;aprovado
2026-02-08;F007;TC01;comunitario;2354;3,5;158;205;Aparecido Nunes;CAM-101;SILO-B;aprovado
2026-02-08;F010;TC04;comunitario;1977;3,7;786;274;Aparecido Nunes;CAM-101;SILO-B;aprovado
2026-02-08;F014;TC02;comunitario;1915;4,3;695;352;Djalma Souto;CAM-102;SILO-C;aprovado
2026-02-08;F017;TC05;comunitario;788;5,2;440;333;Djalma Souto;CAM-102;SILO-C;aprovado
2026-02-08;F020;TC02;comunitario;615;3,5;693;101;Djalma Souto;CAM-102;SILO-C;aprovado
2026-02-08;F023;TC05;comunitario;2102;4,9;866;293;Djalma Souto;CAM-102;SILO-C;aprovado
2026-02-08;F027;TI03;individual;733;5,3;443;285;Everaldo Pires;CAM-103;SILO-A;aprovado
2026-02-08;F030;TI06;individual;1041;3,6;155;76;Everaldo Pires;CAM-103;SILO-A;aprovado
2026-02-08;F033;TI09;individual;920;3,2;476;388;Everaldo Pires;CAM-103;SILO-A;aprovado
2026-02-08;F036;TI12;individual;728;5,1;125;449;Everaldo Pires;CAM-103;SILO-A;aprovado
2026-02-10;F015;TC03;comunitario;543;3,5;409;189;Everaldo Pires;CAM-101;SILO-A;aprovado
2026-02-10;F018;TC06;comunitario;2002;4,8;745;303;Everaldo Pires;CAM-101;SILO-A;aprovado
2026-02-10;F021;TC03;comunitario;1401;5,3;302;386;Everaldo Pires;CAM-101;SILO-A;aprovado
2026-02-10;F024;TC06;comunitario;1256;4,2;282;383;Everaldo Pires;CAM-101;SILO-A;aprovado
2026-02-10;F028;TI04;individual;1233;3,3;326;160;Milton Gouveia;CAM-102;SILO-B;aprovado
2026-02-10;F031;TI07;individual;666;3,4;641;329;Milton Gouveia;CAM-102;SILO-B;aprovado
2026-02-10;F034;TI10;individual;1266;3,9;517;249;Milton Gouveia;CAM-102;SILO-B;aprovado
2026-02-10;F037;TI13;individual;2139;4,4;177;282;Milton Gouveia;CAM-102;SILO-B;aprovado
2026-02-10;F001;TC01;comunitario;2373;5,3;718;232;Aparecido Nunes;CAM-103;SILO-C;aprovado
2026-02-10;F004;TC04;comunitario;664;3,3;755;364;Aparecido Nunes;CAM-103;SILO-C;aprovado
2026-02-10;F007;TC01;comunitario;2099;4,4;330;25;Aparecido Nunes;CAM-103;SILO-C;aprovado
2026-02-10;F010;TC04;comunitario;1846;4,3;432;176;Aparecido Nunes;CAM-103;SILO-C;aprovado
2026-02-12;F029;TI05;individual;1625;4,7;354;120;Aparecido Nunes;CAM-101;SILO-C;aprovado
2026-02-12;F032;TI08;individual;1665;4,7;210;471;Aparecido Nunes;CAM-101;SILO-C;aprovado
2026-02-12;F035;TI11;individual;1227;4,8;300;414;Aparecido Nunes;CAM-101;SILO-C;aprovado
2026-02-12;F038;TI14;individual;2081;4,9;706;274;Aparecido Nunes;CAM-101;SILO-C;aprovado
2026-02-12;F002;TC02;comunitario;662;3,2;615;329;Djalma Souto;CAM-102;SILO-A;aprovado
2026-02-12;F005;TC05;comunitario;1306;4,7;139;430;Djalma Souto;CAM-102;SILO-A;aprovado
2026-02-12;F008;TC02;comunitario;1182;3,6;224;259;Djalma Souto;CAM-102;SILO-A;aprovado
2026-02-12;F011;TC05;comunitario;686;4,4;819;174;Djalma Souto;CAM-102;SILO-A;aprovado
2026-02-12;F015;TC03;comunitario;1441;4,5;294;245;Everaldo Pires;CAM-103;SILO-B;aprovado
2026-02-12;F018;TC06;comunitario;1569;4,8;733;85;Everaldo Pires;CAM-103;SILO-B;aprovado
2026-02-12;F021;TC03;comunitario;410;4,6;436;454;Everaldo Pires;CAM-103;SILO-B;aprovado
2026-02-12;F024;TC06;comunitario;1447;3,9;753;406;Everaldo Pires;CAM-103;SILO-B;aprovado
2026-02-14;F003;TC03;comunitario;2103;4,3;582;142;Everaldo Pires;CAM-101;SILO-B;aprovado
2026-02-14;F006;TC06;comunitario;2362;3,3;257;342;Everaldo Pires;CAM-101;SILO-B;aprovado
2026-02-14;F009;TC03;comunitario;1007;3,8;162;130;Everaldo Pires;CAM-101;SILO-B;aprovado
2026-02-14;F012;TC06;comunitario;2100;4,6;450;257;Everaldo Pires;CAM-101;SILO-B;aprovado
2026-02-14;F016;TC04;comunitario;801;3,9;602;119;Milton Gouveia;CAM-102;SILO-C;aprovado
2026-02-14;F019;TC01;comunitario;734;5,1;523;193;Milton Gouveia;CAM-102;SILO-C;aprovado
2026-02-14;F022;TC04;comunitario;1282;5,0;595;363;Milton Gouveia;CAM-102;SILO-C;aprovado
2026-02-14;F025;TI01;individual;928;4,4;342;284;Milton Gouveia;CAM-102;SILO-C;aprovado
2026-02-14;F029;TI05;individual;1376;5,1;881;155;Aparecido Nunes;CAM-103;SILO-A;aprovado
2026-02-14;F032;TI08;individual;959;4,9;762;333;Aparecido Nunes;CAM-103;SILO-A;aprovado
2026-02-14;F035;TI11;individual;1751;5,3;721;41;Aparecido Nunes;CAM-103;SILO-A;aprovado
2026-02-14;F038;TI14;individual;1739;4,0;688;38;Aparecido Nunes;CAM-103;SILO-A;aprovado
2026-02-16;F017;TC05;comunitario;2198;4,7;841;381;Aparecido Nunes;CAM-101;SILO-A;aprovado
2026-02-16;F020;TC02;comunitario;1650;4,7;533;42;Aparecido Nunes;CAM-101;SILO-A;aprovado
2026-02-16;F023;TC05;comunitario;2156;4,7;418;412;Aparecido Nunes;CAM-101;SILO-A;aprovado
2026-02-16;F026;TI02;individual;656;5,2;342;22;Aparecido Nunes;CAM-101;SILO-A;aprovado
2026-02-16;F030;TI06;individual;659;3,2;128;246;Djalma Souto;CAM-102;SILO-B;aprovado
2026-02-16;F033;TI09;individual;500;4,7;430;52;Djalma Souto;CAM-102;SILO-B;reprovado
2026-02-16;F036;TI12;individual;1492;5,2;439;401;Djalma Souto;CAM-102;SILO-B;aprovado
2026-02-16;F039;TI15;individual;1966;4,0;548;117;Djalma Souto;CAM-102;SILO-B;aprovado
2026-02-16;F003;TC03;comunitario;1011;4,0;836;78;Everaldo Pires;CAM-103;SILO-C;aprovado
2026-02-16;F006;TC06;comunitario;1029;3,6;233;55;Everaldo Pires;CAM-103;SILO-C;aprovado
2026-02-16;F009;TC03;comunitario;1701;3,4;416;81;Everaldo Pires;CAM-103;SILO-C;aprovado
2026-02-16;F012;TC06;comunitario;805;4,0;599;125;Everaldo Pires;CAM-103;SILO-C;aprovado
2026-02-18;F031;TI07;individual;896;3,4;697;79;Everaldo Pires;CAM-101;SILO-C;aprovado
2026-02-18;F034;TI10;individual;455;4,4;400;82;Everaldo Pires;CAM-101;SILO-C;aprovado
2026-02-18;F037;TI13;individual;2378;4,1;526;360;Everaldo Pires;CAM-101;SILO-C;aprovado
2026-02-18;F040;TI16;individual;1108;4,7;133;224;Everaldo Pires;CAM-101;SILO-C;aprovado
2026-02-18;F004;TC04;comunitario;2318;3,3;887;436;Milton Gouveia;CAM-102;SILO-A;aprovado
2026-02-18;F007;TC01;comunitario;1870;3,3;212;101;Milton Gouveia;CAM-102;SILO-A;aprovado
2026-02-18;F010;TC04;comunitario;1509;4,9;533;212;Milton Gouveia;CAM-102;SILO-A;aprovado
2026-02-18;F013;TC01;comunitario;2208;5,1;507;96;Milton Gouveia;CAM-102;SILO-A;aprovado
2026-02-18;F017;TC05;comunitario;1779;4,4;238;397;Aparecido Nunes;CAM-103;SILO-B;aprovado
2026-02-18;F020;TC02;comunitario;1986;4,2;650;413;Aparecido Nunes;CAM-103;SILO-B;aprovado
2026-02-18;F023;TC05;comunitario;1857;3,5;365;94;Aparecido Nunes;CAM-103;SILO-B;aprovado
2026-02-18;F026;TI02;individual;463;4,9;603;226;Aparecido Nunes;CAM-103;SILO-B;aprovado
2026-02-20;F005;TC05;comunitario;1977;3,2;729;410;Aparecido Nunes;CAM-101;SILO-B;aprovado
2026-02-20;F008;TC02;comunitario;1065;4,8;309;181;Aparecido Nunes;CAM-101;SILO-B;aprovado
2026-02-20;F011;TC05;comunitario;1533;4,8;794;420;Aparecido Nunes;CAM-101;SILO-B;aprovado
2026-02-20;F014;TC02;comunitario;336;5,1;799;158;Aparecido Nunes;CAM-101;SILO-B;aprovado
2026-02-20;F018;TC06;comunitario;1210;4,8;390;388;Djalma Souto;CAM-102;SILO-C;aprovado
2026-02-20;F021;TC03;comunitario;1456;5,3;223;378;Djalma Souto;CAM-102;SILO-C;aprovado
2026-02-20;F024;TC06;comunitario;1862;4,7;636;86;Djalma Souto;CAM-102;SILO-C;aprovado
2026-02-20;F027;TI03;individual;754;3,4;394;106;Djalma Souto;CAM-102;SILO-C;aprovado
2026-02-20;F031;TI07;individual;1343;4,1;416;44;Everaldo Pires;CAM-103;SILO-A;aprovado
2026-02-20;F034;TI10;individual;879;3,9;852;32;Everaldo Pires;CAM-103;SILO-A;aprovado
2026-02-20;F037;TI13;individual;1280;4,4;463;342;Everaldo Pires;CAM-103;SILO-A;aprovado
2026-02-20;F040;TI16;individual;2381;4,6;163;384;Everaldo Pires;CAM-103;SILO-A;aprovado
2026-02-22;F019;TC01;comunitario;1393;4,2;874;31;Everaldo Pires;CAM-101;SILO-A;aprovado
2026-02-22;F022;TC04;comunitario;830;3,4;827;150;Everaldo Pires;CAM-101;SILO-A;aprovado
2026-02-22;F025;TI01;individual;1625;5,0;337;270;Everaldo Pires;CAM-101;SILO-A;aprovado
2026-02-22;F028;TI04;individual;2139;3,8;657;465;Everaldo Pires;CAM-101;SILO-A;aprovado
2026-02-22;F032;TI08;individual;1463;3,4;442;182;Milton Gouveia;CAM-102;SILO-B;aprovado
2026-02-22;F035;TI11;individual;1368;3,4;198;432;Milton Gouveia;CAM-102;SILO-B;aprovado
2026-02-22;F038;TI14;individual;1338;3,3;670;139;Milton Gouveia;CAM-102;SILO-B;aprovado
2026-02-22;F001;TC01;comunitario;505;3,2;563;430;Milton Gouveia;CAM-102;SILO-B;aprovado
2026-02-22;F005;TC05;comunitario;2358;5,2;670;259;Aparecido Nunes;CAM-103;SILO-C;aprovado
2026-02-22;F008;TC02;comunitario;1201;4,0;611;456;Aparecido Nunes;CAM-103;SILO-C;aprovado
2026-02-22;F011;TC05;comunitario;1884;4,7;151;285;Aparecido Nunes;CAM-103;SILO-C;aprovado
2026-02-22;F014;TC02;comunitario;2323;4,1;373;48;Aparecido Nunes;CAM-103;SILO-C;aprovado
2026-02-24;F033;TI09;individual;1452;3,6;890;395;Aparecido Nunes;CAM-101;SILO-C;aprovado
2026-02-24;F036;TI12;individual;1612;5,3;639;212;Aparecido Nunes;CAM-101;SILO-C;aprovado
2026-02-24;F039;TI15;individual;1687;4,7;324;164;Aparecido Nunes;CAM-101;SILO-C;aprovado
2026-02-24;F002;TC02;comunitario;1521;3,5;254;291;Aparecido Nunes;CAM-101;SILO-C;reprovado
2026-02-24;F006;TC06;comunitario;1959;3,5;256;326;Djalma Souto;CAM-102;SILO-A;aprovado
2026-02-24;F009;TC03;comunitario;2232;4,5;677;377;Djalma Souto;CAM-102;SILO-A;aprovado
2026-02-24;F012;TC06;comunitario;407;4,3;696;173;Djalma Souto;CAM-102;SILO-A;aprovado
2026-02-24;F015;TC03;comunitario;1445;5,4;293;93;Djalma Souto;CAM-102;SILO-A;aprovado
2026-02-24;F019;TC01;comunitario;661;3,7;717;268;Everaldo Pires;CAM-103;SILO-B;aprovado
2026-02-24;F022;TC04;comunitario;2270;4,3;846;473;Everaldo Pires;CAM-103;SILO-B;aprovado
2026-02-24;F025;TI01;individual;903;3,9;172;125;Everaldo Pires;CAM-103;SILO-B;aprovado
2026-02-24;F028;TI04;individual;2323;4,2;693;459;Everaldo Pires;CAM-103;SILO-B;aprovado
2026-02-26;F007;TC01;comunitario;1554;5,1;531;321;Everaldo Pires;CAM-101;SILO-B;aprovado
2026-02-26;F010;TC04;comunitario;387;3,3;759;69;Everaldo Pires;CAM-101;SILO-B;aprovado
2026-02-26;F013;TC01;comunitario;1235;3,5;373;363;Everaldo Pires;CAM-101;SILO-B;aprovado
2026-02-26;F016;TC04;comunitario;626;4,3;548;172;Everaldo Pires;CAM-101;SILO-B;aprovado
2026-02-26;F020;TC02;comunitario;1969;4,2;828;365;Milton Gouveia;CAM-102;SILO-C;aprovado
2026-02-26;F023;TC05;comunitario;2101;3,4;384;344;Milton Gouveia;CAM-102;SILO-C;aprovado
2026-02-26;F026;TI02;individual;592;4,9;384;384;Milton Gouveia;CAM-102;SILO-C;aprovado
2026-02-26;F029;TI05;individual;850;4,3;763;66;Milton Gouveia;CAM-102;SILO-C;aprovado
2026-02-26;F033;TI09;individual;460;4,8;502;116;Aparecido Nunes;CAM-103;SILO-A;aprovado
2026-02-26;F036;TI12;individual;1016;3,3;175;231;Aparecido Nunes;CAM-103;SILO-A;aprovado
2026-02-26;F039;TI15;individual;1907;4,6;122;378;Aparecido Nunes;CAM-103;SILO-A;aprovado
2026-02-26;F002;TC02;comunitario;1967;5,3;527;118;Aparecido Nunes;CAM-103;SILO-A;aprovado
2026-02-28;F021;TC03;comunitario;2350;3,5;191;51;Aparecido Nunes;CAM-101;SILO-A;aprovado
2026-02-28;F024;TC06;comunitario;452;4,7;374;257;Aparecido Nunes;CAM-101;SILO-A;aprovado
2026-02-28;F027;TI03;individual;1644;4,6;821;380;Aparecido Nunes;CAM-101;SILO-A;aprovado
2026-02-28;F030;TI06;individual;1926;4,6;614;383;Aparecido Nunes;CAM-101;SILO-A;aprovado
2026-02-28;F034;TI10;individual;793;4,2;366;252;Djalma Souto;CAM-102;SILO-B;aprovado
2026-02-28;F037;TI13;individual;1820;3,6;142;433;Djalma Souto;CAM-102;SILO-B;aprovado
2026-02-28;F040;TI16;individual;482;3,3;541;37;Djalma Souto;CAM-102;SILO-B;aprovado
2026-02-28;F003;TC03;comunitario;1271;3,3;553;305;Djalma Souto;CAM-102;SILO-B;aprovado
2026-02-28;F007;TC01;comunitario;2121;4,4;745;442;Everaldo Pires;CAM-103;SILO-C;aprovado
2026-02-28;F010;TC04;comunitario;879;4,0;347;267;Everaldo Pires;CAM-103;SILO-C;aprovado
2026-02-28;F013;TC01;comunitario;1847;3,9;144;380;Everaldo Pires;CAM-103;SILO-C;aprovado
2026-02-28;F016;TC04;comunitario;450;4,9;523;60;Everaldo Pires;CAM-103;SILO-C;aprovado
